-- phpMyAdmin SQL Dump
-- version 5.1.0
-- https://www.phpmyadmin.net/
--
-- Host: 127.0.0.1
-- Generation Time: Feb 25, 2022 at 12:58 AM
-- Server version: 10.4.18-MariaDB
-- PHP Version: 8.0.3

SET SQL_MODE = "NO_AUTO_VALUE_ON_ZERO";
START TRANSACTION;
SET time_zone = "+00:00";


/*!40101 SET @OLD_CHARACTER_SET_CLIENT=@@CHARACTER_SET_CLIENT */;
/*!40101 SET @OLD_CHARACTER_SET_RESULTS=@@CHARACTER_SET_RESULTS */;
/*!40101 SET @OLD_COLLATION_CONNECTION=@@COLLATION_CONNECTION */;
/*!40101 SET NAMES utf8mb4 */;

--
-- Database: `aapgsue1_wp_blog`
--

-- --------------------------------------------------------

--
-- Table structure for table `blogcommentmeta`
--

CREATE TABLE `blogcommentmeta` (
  `meta_id` bigint(20) UNSIGNED NOT NULL,
  `comment_id` bigint(20) UNSIGNED NOT NULL DEFAULT 0,
  `meta_key` varchar(255) COLLATE utf8mb4_unicode_ci DEFAULT NULL,
  `meta_value` longtext COLLATE utf8mb4_unicode_ci DEFAULT NULL
) ENGINE=InnoDB DEFAULT CHARSET=utf8mb4 COLLATE=utf8mb4_unicode_ci;

-- --------------------------------------------------------

--
-- Table structure for table `blogcomments`
--

CREATE TABLE `blogcomments` (
  `comment_ID` bigint(20) UNSIGNED NOT NULL,
  `comment_post_ID` bigint(20) UNSIGNED NOT NULL DEFAULT 0,
  `comment_author` tinytext COLLATE utf8mb4_unicode_ci NOT NULL,
  `comment_author_email` varchar(100) COLLATE utf8mb4_unicode_ci NOT NULL DEFAULT '',
  `comment_author_url` varchar(200) COLLATE utf8mb4_unicode_ci NOT NULL DEFAULT '',
  `comment_author_IP` varchar(100) COLLATE utf8mb4_unicode_ci NOT NULL DEFAULT '',
  `comment_date` datetime NOT NULL DEFAULT '0000-00-00 00:00:00',
  `comment_date_gmt` datetime NOT NULL DEFAULT '0000-00-00 00:00:00',
  `comment_content` text COLLATE utf8mb4_unicode_ci NOT NULL,
  `comment_karma` int(11) NOT NULL DEFAULT 0,
  `comment_approved` varchar(20) COLLATE utf8mb4_unicode_ci NOT NULL DEFAULT '1',
  `comment_agent` varchar(255) COLLATE utf8mb4_unicode_ci NOT NULL DEFAULT '',
  `comment_type` varchar(20) COLLATE utf8mb4_unicode_ci NOT NULL DEFAULT '',
  `comment_parent` bigint(20) UNSIGNED NOT NULL DEFAULT 0,
  `user_id` bigint(20) UNSIGNED NOT NULL DEFAULT 0
) ENGINE=InnoDB DEFAULT CHARSET=utf8mb4 COLLATE=utf8mb4_unicode_ci;

-- --------------------------------------------------------

--
-- Table structure for table `blogig_blocked_emails`
--

CREATE TABLE `blogig_blocked_emails` (
  `id` int(10) NOT NULL,
  `email` varchar(50) COLLATE utf8mb4_unicode_ci DEFAULT NULL,
  `ip` varchar(45) COLLATE utf8mb4_unicode_ci DEFAULT NULL,
  `created_on` timestamp NOT NULL DEFAULT current_timestamp()
) ENGINE=InnoDB DEFAULT CHARSET=utf8mb4 COLLATE=utf8mb4_unicode_ci;

-- --------------------------------------------------------

--
-- Table structure for table `blogig_campaigns`
--

CREATE TABLE `blogig_campaigns` (
  `id` int(10) NOT NULL,
  `slug` varchar(255) COLLATE utf8mb4_unicode_ci DEFAULT NULL,
  `name` varchar(255) COLLATE utf8mb4_unicode_ci DEFAULT NULL,
  `type` varchar(50) COLLATE utf8mb4_unicode_ci DEFAULT NULL,
  `from_name` varchar(50) COLLATE utf8mb4_unicode_ci DEFAULT NULL,
  `from_email` varchar(50) COLLATE utf8mb4_unicode_ci DEFAULT NULL,
  `reply_to_name` varchar(50) COLLATE utf8mb4_unicode_ci DEFAULT NULL,
  `reply_to_email` varchar(50) COLLATE utf8mb4_unicode_ci DEFAULT NULL,
  `sequence_ids` text COLLATE utf8mb4_unicode_ci DEFAULT NULL,
  `categories` text COLLATE utf8mb4_unicode_ci DEFAULT NULL,
  `list_ids` text COLLATE utf8mb4_unicode_ci NOT NULL,
  `base_template_id` int(10) NOT NULL,
  `status` tinyint(4) NOT NULL,
  `meta` longtext COLLATE utf8mb4_unicode_ci DEFAULT NULL,
  `created_at` datetime DEFAULT NULL,
  `updated_at` datetime DEFAULT NULL,
  `deleted_at` datetime DEFAULT NULL
) ENGINE=InnoDB DEFAULT CHARSET=utf8mb4 COLLATE=utf8mb4_unicode_ci;

--
-- Dumping data for table `blogig_campaigns`
--

INSERT INTO `blogig_campaigns` (`id`, `slug`, `name`, `type`, `from_name`, `from_email`, `reply_to_name`, `reply_to_email`, `sequence_ids`, `categories`, `list_ids`, `base_template_id`, `status`, `meta`, `created_at`, `updated_at`, `deleted_at`) VALUES
(1, 'hellow', 'hellow', 'post_notification', 'blog-aapg', 'asdas@s.com', 'blog-aapg', 'asdas@s.com', '', '##ديزاين##ماركتينج##ويب##', '1', 70, 1, NULL, '2019-09-08 14:30:54', NULL, NULL),
(2, 'welcome-to-email-subscribers', 'Welcome To Email Subscribers', 'newsletter', 'blog-aapg', 'asdas@s.com', 'blog-aapg', 'asdas@s.com', '', '', '1', 92, 1, NULL, '2019-09-11 07:59:28', NULL, NULL),
(3, 'new-post-published-posttitle', 'New Post Published - {{POSTTITLE}}', 'post_notification', 'asdas@s.com', 'blog-aapg', 'asdas@s.com', 'blog-aapg', '', '##Soft Skills##بيزنس##ديزاين##ماركتينج##ويب##', '1', 93, 1, NULL, '2019-09-11 07:59:34', NULL, NULL),
(4, 'welcome-to-email-subscribers', 'Welcome To Email Subscribers', 'newsletter', 'blog-aapg', 'asdas@s.com', 'blog-aapg', 'asdas@s.com', '', '', '1', 92, 1, NULL, '2019-09-11 08:13:08', NULL, NULL);

-- --------------------------------------------------------

--
-- Table structure for table `blogig_contacts`
--

CREATE TABLE `blogig_contacts` (
  `id` int(10) NOT NULL,
  `wp_user_id` int(10) NOT NULL DEFAULT 0,
  `first_name` varchar(50) COLLATE utf8mb4_unicode_ci DEFAULT NULL,
  `last_name` varchar(50) COLLATE utf8mb4_unicode_ci DEFAULT NULL,
  `email` varchar(50) COLLATE utf8mb4_unicode_ci NOT NULL,
  `source` varchar(50) COLLATE utf8mb4_unicode_ci DEFAULT NULL,
  `form_id` int(10) NOT NULL DEFAULT 0,
  `status` varchar(10) COLLATE utf8mb4_unicode_ci DEFAULT NULL,
  `unsubscribed` tinyint(1) NOT NULL DEFAULT 0,
  `hash` varchar(50) COLLATE utf8mb4_unicode_ci DEFAULT NULL,
  `created_at` datetime DEFAULT NULL,
  `updated_at` datetime DEFAULT NULL,
  `is_verified` tinyint(1) DEFAULT 0,
  `is_disposable` tinyint(1) DEFAULT 0,
  `is_rolebased` tinyint(1) DEFAULT 0,
  `is_webmail` tinyint(1) DEFAULT 0,
  `is_deliverable` tinyint(1) DEFAULT 0,
  `is_sendsafely` tinyint(1) DEFAULT 0,
  `meta` longtext CHARACTER SET utf8 DEFAULT NULL
) ENGINE=InnoDB DEFAULT CHARSET=utf8mb4 COLLATE=utf8mb4_unicode_ci;

--
-- Dumping data for table `blogig_contacts`
--

INSERT INTO `blogig_contacts` (`id`, `wp_user_id`, `first_name`, `last_name`, `email`, `source`, `form_id`, `status`, `unsubscribed`, `hash`, `created_at`, `updated_at`, `is_verified`, `is_disposable`, `is_rolebased`, `is_webmail`, `is_deliverable`, `is_sendsafely`, `meta`) VALUES
(5, 0, 'ahmedhimdan828', '', 'ahmedhimdan828@gmail.com', 'form', 0, 'verified', 0, 'uklize-sbwxkv-nudvsj-dgizbx-eyptla', '2019-09-08 14:04:40', NULL, 1, 0, 0, 0, 1, 1, NULL),
(7, 0, 'ahmedhimdan828', '', 'ahmedhimdan828@gmail.com', 'admin', 0, 'verified', 0, 'vznksc-hcaxwg-dujtvo-egxawv-xywnug', '2019-09-11 07:59:28', '0000-00-00 00:00:00', 1, 0, 0, 0, 1, 1, ''),
(9, 0, 'nada.s.hussin', '', 'nada.s.hussin@gmail.com', 'form', 0, 'verified', 0, 'vkoxeh-nbuipx-bokchf-mueapb-vmgoiq', '2019-11-23 10:11:58', NULL, 1, 0, 0, 0, 1, 1, NULL);

-- --------------------------------------------------------

--
-- Table structure for table `blogig_contacts_ips`
--

CREATE TABLE `blogig_contacts_ips` (
  `ip` varchar(45) COLLATE utf8mb4_unicode_ci NOT NULL,
  `created_on` timestamp NOT NULL DEFAULT current_timestamp()
) ENGINE=InnoDB DEFAULT CHARSET=utf8mb4 COLLATE=utf8mb4_unicode_ci;

--
-- Dumping data for table `blogig_contacts_ips`
--

INSERT INTO `blogig_contacts_ips` (`ip`, `created_on`) VALUES
('197.43.199.209', '2019-11-23 10:11:58');

-- --------------------------------------------------------

--
-- Table structure for table `blogig_forms`
--

CREATE TABLE `blogig_forms` (
  `id` int(10) NOT NULL,
  `name` varchar(255) COLLATE utf8mb4_unicode_ci NOT NULL,
  `body` longtext COLLATE utf8mb4_unicode_ci DEFAULT NULL,
  `settings` longtext COLLATE utf8mb4_unicode_ci DEFAULT NULL,
  `styles` longtext COLLATE utf8mb4_unicode_ci DEFAULT NULL,
  `created_at` datetime DEFAULT NULL,
  `updated_at` datetime DEFAULT NULL,
  `deleted_at` datetime DEFAULT NULL,
  `af_id` int(10) NOT NULL DEFAULT 0
) ENGINE=InnoDB DEFAULT CHARSET=utf8mb4 COLLATE=utf8mb4_unicode_ci;

--
-- Dumping data for table `blogig_forms`
--

INSERT INTO `blogig_forms` (`id`, `name`, `body`, `settings`, `styles`, `created_at`, `updated_at`, `deleted_at`, `af_id`) VALUES
(1, 'First Form', 'a:4:{i:0;a:5:{s:4:\"type\";s:4:\"text\";s:4:\"name\";s:4:\"Name\";s:2:\"id\";s:4:\"name\";s:6:\"params\";a:3:{s:5:\"label\";s:0:\"\";s:4:\"show\";b:0;s:8:\"required\";b:0;}s:8:\"position\";i:1;}i:1;a:5:{s:4:\"type\";s:4:\"text\";s:4:\"name\";s:5:\"Email\";s:2:\"id\";s:5:\"email\";s:6:\"params\";a:3:{s:5:\"label\";s:0:\"\";s:4:\"show\";b:1;s:8:\"required\";b:1;}s:8:\"position\";i:2;}i:2;a:5:{s:4:\"type\";s:8:\"checkbox\";s:4:\"name\";s:5:\"Lists\";s:2:\"id\";s:5:\"lists\";s:6:\"params\";a:4:{s:5:\"label\";s:5:\"Lists\";s:4:\"show\";b:0;s:8:\"required\";b:1;s:6:\"values\";a:1:{i:0;s:1:\"2\";}}s:8:\"position\";i:3;}i:3;a:5:{s:4:\"type\";s:6:\"submit\";s:4:\"name\";s:6:\"submit\";s:2:\"id\";s:6:\"submit\";s:6:\"params\";a:3:{s:5:\"label\";s:9:\"Subscribe\";s:4:\"show\";b:1;s:8:\"required\";b:1;}s:8:\"position\";i:4;}}', 'a:2:{s:5:\"lists\";a:1:{i:0;s:1:\"2\";}s:4:\"desc\";s:0:\"\";}', NULL, '2019-08-27 08:50:35', '2019-08-27 15:58:30', NULL, 0),
(2, 'email only', 'a:4:{i:0;a:5:{s:4:\"type\";s:4:\"text\";s:4:\"name\";s:4:\"Name\";s:2:\"id\";s:4:\"name\";s:6:\"params\";a:3:{s:5:\"label\";s:0:\"\";s:4:\"show\";b:0;s:8:\"required\";b:0;}s:8:\"position\";i:1;}i:1;a:5:{s:4:\"type\";s:4:\"text\";s:4:\"name\";s:5:\"Email\";s:2:\"id\";s:5:\"email\";s:6:\"params\";a:3:{s:5:\"label\";s:0:\"\";s:4:\"show\";b:1;s:8:\"required\";b:1;}s:8:\"position\";i:2;}i:2;a:5:{s:4:\"type\";s:8:\"checkbox\";s:4:\"name\";s:5:\"Lists\";s:2:\"id\";s:5:\"lists\";s:6:\"params\";a:4:{s:5:\"label\";s:5:\"Lists\";s:4:\"show\";b:0;s:8:\"required\";b:1;s:6:\"values\";a:1:{i:0;s:1:\"2\";}}s:8:\"position\";i:3;}i:3;a:5:{s:4:\"type\";s:6:\"submit\";s:4:\"name\";s:6:\"submit\";s:2:\"id\";s:6:\"submit\";s:6:\"params\";a:3:{s:5:\"label\";s:9:\"Subscribe\";s:4:\"show\";b:1;s:8:\"required\";b:1;}s:8:\"position\";i:4;}}', 'a:2:{s:5:\"lists\";a:1:{i:0;s:1:\"2\";}s:4:\"desc\";s:10:\"email only\";}', NULL, '2019-08-27 15:57:59', NULL, NULL, 0);

-- --------------------------------------------------------

--
-- Table structure for table `blogig_lists`
--

CREATE TABLE `blogig_lists` (
  `id` int(10) NOT NULL,
  `slug` varchar(255) COLLATE utf8mb4_unicode_ci NOT NULL,
  `name` varchar(255) COLLATE utf8mb4_unicode_ci NOT NULL,
  `created_at` datetime DEFAULT NULL,
  `updated_at` datetime DEFAULT NULL,
  `deleted_at` datetime DEFAULT NULL
) ENGINE=InnoDB DEFAULT CHARSET=utf8mb4 COLLATE=utf8mb4_unicode_ci;

--
-- Dumping data for table `blogig_lists`
--

INSERT INTO `blogig_lists` (`id`, `slug`, `name`, `created_at`, `updated_at`, `deleted_at`) VALUES
(1, 'test', 'Test', '2019-08-27 08:50:35', NULL, NULL),
(2, 'main', 'Main', '2019-08-27 08:50:35', NULL, NULL);

-- --------------------------------------------------------

--
-- Table structure for table `blogig_lists_contacts`
--

CREATE TABLE `blogig_lists_contacts` (
  `id` int(10) NOT NULL,
  `list_id` int(10) NOT NULL,
  `contact_id` int(10) NOT NULL,
  `status` varchar(50) COLLATE utf8mb4_unicode_ci NOT NULL,
  `optin_type` tinyint(4) NOT NULL,
  `subscribed_at` datetime DEFAULT NULL,
  `subscribed_ip` varchar(45) COLLATE utf8mb4_unicode_ci DEFAULT NULL,
  `unsubscribed_at` datetime DEFAULT NULL,
  `unsubscribed_ip` varchar(45) COLLATE utf8mb4_unicode_ci DEFAULT NULL
) ENGINE=InnoDB DEFAULT CHARSET=utf8mb4 COLLATE=utf8mb4_unicode_ci;

--
-- Dumping data for table `blogig_lists_contacts`
--

INSERT INTO `blogig_lists_contacts` (`id`, `list_id`, `contact_id`, `status`, `optin_type`, `subscribed_at`, `subscribed_ip`, `unsubscribed_at`, `unsubscribed_ip`) VALUES
(11, 0, 5, 'subscribed', 2, '2019-09-11 08:14:02', '197.43.14.149', NULL, NULL),
(13, 1, 7, 'subscribed', 1, '2019-09-11 07:59:28', '', NULL, NULL),
(15, 0, 9, 'subscribed', 2, '2019-11-23 10:14:02', '197.43.199.209', NULL, NULL);

-- --------------------------------------------------------

--
-- Table structure for table `blogig_mailing_queue`
--

CREATE TABLE `blogig_mailing_queue` (
  `id` int(10) NOT NULL,
  `hash` varchar(50) COLLATE utf8mb4_unicode_ci NOT NULL,
  `campaign_id` int(10) NOT NULL DEFAULT 0,
  `subject` text COLLATE utf8mb4_unicode_ci DEFAULT NULL,
  `body` longtext COLLATE utf8mb4_unicode_ci DEFAULT NULL,
  `count` int(10) UNSIGNED NOT NULL DEFAULT 0,
  `status` varchar(10) COLLATE utf8mb4_unicode_ci NOT NULL,
  `start_at` datetime DEFAULT NULL,
  `finish_at` datetime DEFAULT NULL,
  `meta` longtext COLLATE utf8mb4_unicode_ci DEFAULT NULL,
  `created_at` datetime DEFAULT NULL,
  `updated_at` datetime DEFAULT NULL
) ENGINE=InnoDB DEFAULT CHARSET=utf8mb4 COLLATE=utf8mb4_unicode_ci;

--
-- Dumping data for table `blogig_mailing_queue`
--

INSERT INTO `blogig_mailing_queue` (`id`, `hash`, `campaign_id`, `subject`, `body`, `count`, `status`, `start_at`, `finish_at`, `meta`, `created_at`, `updated_at`) VALUES
(1, 'qhrbjp-wjphur-dosqhb-fjdpva-njvqwg', 2, 'Welcome To Email Subscribers', '<strong style=\"color: #990000\">What can you achieve using Email Subscribers?</strong><p>Add subscription forms on website, send HTML newsletters & automatically notify subscribers about new blog posts once it is published. You can also Import or Export subscribers from any list to Email Subscribers.</p> <strong style=\"color: #990000\">Plugin Features</strong><ol> <li>Send notification emails to subscribers when new blog posts are published.</li> <li>Subscribe form available with 3 options to setup.</li> <li>Double Opt-In and Single Opt-In support.</li> <li>Email notification to admin when a new user signs up (Optional).</li> <li>Automatic welcome email to subscriber.</li> <li>Auto add unsubscribe link in the email.</li> <li>Import/Export subscriber emails to migrate to any lists.</li> <li>Default WordPress editor to create emails.</li> </ol> <strong>Thanks & Regards,</strong><br>Admin', 1, 'Sent', '2019-09-11 07:59:28', '2019-09-11 07:59:34', NULL, '2019-09-11 07:59:28', '2019-09-11 07:59:28'),
(2, 'iholub-ixrhwe-tsruic-mfkqot-qpsoym', 3, 'New Post Published - الـMarketing Strategy - قوتك الخفية لبيزنس مستمر', '<p>Hello {{NAME}},</p>\n<p>We have published a new blog article on our website : الـMarketing Strategy &#8211; قوتك الخفية لبيزنس مستمر<br />\n<a href=\'http://www.blogs.aapgsuez.net/Blog/%d8%a7%d9%84%d9%80marketing-strategy-%d9%82%d9%88%d8%aa%d9%83-%d8%a7%d9%84%d8%ae%d9%81%d9%8a%d8%a9-%d9%84%d8%a8%d9%8a%d8%b2%d9%86%d8%b3-%d9%85%d8%b3%d8%aa%d9%85%d8%b1/\' target=\'_blank\'><img width=\"150\" height=\"150\" src=\"http://www.blogs.aapgsuez.net/Blog/wp-content/uploads/2019/09/Marketing-Strategy-Business-150x150.jpg\" class=\"attachment-thumbnail size-thumbnail wp-post-image\" alt=\"\" /></a></p>\n<p>You can view it from this link : <a href=\'http://www.blogs.aapgsuez.net/Blog/%d8%a7%d9%84%d9%80marketing-strategy-%d9%82%d9%88%d8%aa%d9%83-%d8%a7%d9%84%d8%ae%d9%81%d9%8a%d8%a9-%d9%84%d8%a8%d9%8a%d8%b2%d9%86%d8%b3-%d9%85%d8%b3%d8%aa%d9%85%d8%b1/\' target=\'_blank\'>http://www.blogs.aapgsuez.net/Blog/%d8%a7%d9%84%d9%80marketing-strategy-%d9%82%d9%88%d8%aa%d9%83-%d8%a7%d9%84%d8%ae%d9%81%d9%8a%d8%a9-%d9%84%d8%a8%d9%8a%d8%b2%d9%86%d8%b3-%d9%85%d8%b3%d8%aa%d9%85%d8%b1/</a></p>\n<p>Thanks &#038; Regards,<br />\nAdmin</p>\n<p>You received this email because in the past you have provided us your email address : {{EMAIL}} to receive notifications when new updates are posted.</p>\n', 1, 'Sent', '2019-09-11 07:59:34', '2019-09-11 07:59:40', NULL, '2019-09-11 07:59:34', '2019-09-11 07:59:34'),
(3, 'lvhgyx-gzdtmq-gayklv-usvaef-tckgsm', 4, 'Welcome To Email Subscribers', '<p><strong style=\"color: #990000\">What can you achieve using Email Subscribers?</strong></p>\n<p>Add subscription forms on website, send HTML newsletters &#038; automatically notify subscribers about new blog posts once it is published. You can also Import or Export subscribers from any list to Email Subscribers.</p>\n<p> <strong style=\"color: #990000\">Plugin Features</strong></p>\n<ol>\n<li>Send notification emails to subscribers when new blog posts are published.</li>\n<li>Subscribe form available with 3 options to setup.</li>\n<li>Double Opt-In and Single Opt-In support.</li>\n<li>Email notification to admin when a new user signs up (Optional).</li>\n<li>Automatic welcome email to subscriber.</li>\n<li>Auto add unsubscribe link in the email.</li>\n<li>Import/Export subscriber emails to migrate to any lists.</li>\n<li>Default WordPress editor to create emails.</li>\n</ol>\n<p> <strong>Thanks &#038; Regards,</strong><br />Admin</p>\n', 1, 'Sent', '2019-09-11 18:18:13', '2019-09-11 18:18:19', 'a:1:{s:4:\"type\";s:10:\"newsletter\";}', '2019-09-11 08:13:08', '2019-09-11 08:13:08');

-- --------------------------------------------------------

--
-- Table structure for table `blogig_sending_queue`
--

CREATE TABLE `blogig_sending_queue` (
  `id` int(10) NOT NULL,
  `mailing_queue_id` int(10) NOT NULL DEFAULT 0,
  `mailing_queue_hash` varchar(50) COLLATE utf8mb4_unicode_ci DEFAULT NULL,
  `campaign_id` int(10) NOT NULL DEFAULT 0,
  `contact_id` int(10) NOT NULL DEFAULT 0,
  `contact_hash` varchar(255) COLLATE utf8mb4_unicode_ci DEFAULT NULL,
  `email` varchar(50) COLLATE utf8mb4_unicode_ci DEFAULT NULL,
  `status` varchar(50) COLLATE utf8mb4_unicode_ci DEFAULT NULL,
  `links` longtext COLLATE utf8mb4_unicode_ci DEFAULT NULL,
  `opened` int(1) DEFAULT NULL,
  `sent_at` datetime DEFAULT NULL,
  `opened_at` datetime DEFAULT NULL
) ENGINE=InnoDB DEFAULT CHARSET=utf8mb4 COLLATE=utf8mb4_unicode_ci;

--
-- Dumping data for table `blogig_sending_queue`
--

INSERT INTO `blogig_sending_queue` (`id`, `mailing_queue_id`, `mailing_queue_hash`, `campaign_id`, `contact_id`, `contact_hash`, `email`, `status`, `links`, `opened`, `sent_at`, `opened_at`) VALUES
(1, 1, 'qhrbjp-wjphur-dosqhb-fjdpva-njvqwg', 2, 7, 'vznksc-hcaxwg-dujtvo-egxawv-xywnug', 'ahmedhimdan828@gmail.com', 'Sent', '', 0, '2019-09-11 07:59:34', '0000-00-00 00:00:00'),
(2, 2, 'iholub-ixrhwe-tsruic-mfkqot-qpsoym', 3, 7, 'vznksc-hcaxwg-dujtvo-egxawv-xywnug', 'ahmedhimdan828@gmail.com', 'Sent', '', 0, '2019-09-11 07:59:40', '0000-00-00 00:00:00'),
(3, 3, 'lvhgyx-gzdtmq-gayklv-usvaef-tckgsm', 4, 7, 'vznksc-hcaxwg-dujtvo-egxawv-xywnug', 'ahmedhimdan828@gmail.com', 'Sent', '', 1, '2019-09-11 18:18:19', '2019-10-19 14:38:18');

-- --------------------------------------------------------

--
-- Table structure for table `bloglinks`
--

CREATE TABLE `bloglinks` (
  `link_id` bigint(20) UNSIGNED NOT NULL,
  `link_url` varchar(255) COLLATE utf8mb4_unicode_ci NOT NULL DEFAULT '',
  `link_name` varchar(255) COLLATE utf8mb4_unicode_ci NOT NULL DEFAULT '',
  `link_image` varchar(255) COLLATE utf8mb4_unicode_ci NOT NULL DEFAULT '',
  `link_target` varchar(25) COLLATE utf8mb4_unicode_ci NOT NULL DEFAULT '',
  `link_description` varchar(255) COLLATE utf8mb4_unicode_ci NOT NULL DEFAULT '',
  `link_visible` varchar(20) COLLATE utf8mb4_unicode_ci NOT NULL DEFAULT 'Y',
  `link_owner` bigint(20) UNSIGNED NOT NULL DEFAULT 1,
  `link_rating` int(11) NOT NULL DEFAULT 0,
  `link_updated` datetime NOT NULL DEFAULT '0000-00-00 00:00:00',
  `link_rel` varchar(255) COLLATE utf8mb4_unicode_ci NOT NULL DEFAULT '',
  `link_notes` mediumtext COLLATE utf8mb4_unicode_ci NOT NULL,
  `link_rss` varchar(255) COLLATE utf8mb4_unicode_ci NOT NULL DEFAULT ''
) ENGINE=InnoDB DEFAULT CHARSET=utf8mb4 COLLATE=utf8mb4_unicode_ci;

-- --------------------------------------------------------

--
-- Table structure for table `blogoptions`
--

CREATE TABLE `blogoptions` (
  `option_id` bigint(20) UNSIGNED NOT NULL,
  `option_name` varchar(191) COLLATE utf8mb4_unicode_ci NOT NULL DEFAULT '',
  `option_value` longtext COLLATE utf8mb4_unicode_ci NOT NULL,
  `autoload` varchar(20) COLLATE utf8mb4_unicode_ci NOT NULL DEFAULT 'yes'
) ENGINE=InnoDB DEFAULT CHARSET=utf8mb4 COLLATE=utf8mb4_unicode_ci;

--
-- Dumping data for table `blogoptions`
--

INSERT INTO `blogoptions` (`option_id`, `option_name`, `option_value`, `autoload`) VALUES
(1, 'siteurl', 'http://www.blogs.aapgsuez.net/Blog', 'yes'),
(2, 'home', 'http://www.blogs.aapgsuez.net/Blog', 'yes'),
(3, 'blogname', 'scientific articles', 'yes'),
(4, 'blogdescription', 'Just another WordPress site', 'yes'),
(5, 'users_can_register', '0', 'yes'),
(6, 'admin_email', 'ahmedhimdan828@gmail.com', 'yes'),
(7, 'start_of_week', '1', 'yes'),
(8, 'use_balanceTags', '0', 'yes'),
(9, 'use_smilies', '1', 'yes'),
(10, 'require_name_email', '1', 'yes'),
(11, 'comments_notify', '1', 'yes'),
(12, 'posts_per_rss', '10', 'yes'),
(13, 'rss_use_excerpt', '0', 'yes'),
(14, 'mailserver_url', 'mail.example.com', 'yes'),
(15, 'mailserver_login', 'login@example.com', 'yes'),
(16, 'mailserver_pass', 'password', 'yes'),
(17, 'mailserver_port', '110', 'yes'),
(18, 'default_category', '1', 'yes'),
(19, 'default_comment_status', 'open', 'yes'),
(20, 'default_ping_status', 'open', 'yes'),
(21, 'default_pingback_flag', '1', 'yes'),
(22, 'posts_per_page', '10', 'yes'),
(23, 'date_format', 'F j, Y', 'yes'),
(24, 'time_format', 'g:i a', 'yes'),
(25, 'links_updated_date_format', 'F j, Y g:i a', 'yes'),
(26, 'comment_moderation', '0', 'yes'),
(27, 'moderation_notify', '1', 'yes'),
(28, 'permalink_structure', '/%year%/%monthnum%/%day%/%postname%/', 'yes'),
(29, 'rewrite_rules', 'a:89:{s:11:\"^wp-json/?$\";s:22:\"index.php?rest_route=/\";s:14:\"^wp-json/(.*)?\";s:33:\"index.php?rest_route=/$matches[1]\";s:21:\"^index.php/wp-json/?$\";s:22:\"index.php?rest_route=/\";s:24:\"^index.php/wp-json/(.*)?\";s:33:\"index.php?rest_route=/$matches[1]\";s:47:\"category/(.+?)/feed/(feed|rdf|rss|rss2|atom)/?$\";s:52:\"index.php?category_name=$matches[1]&feed=$matches[2]\";s:42:\"category/(.+?)/(feed|rdf|rss|rss2|atom)/?$\";s:52:\"index.php?category_name=$matches[1]&feed=$matches[2]\";s:23:\"category/(.+?)/embed/?$\";s:46:\"index.php?category_name=$matches[1]&embed=true\";s:35:\"category/(.+?)/page/?([0-9]{1,})/?$\";s:53:\"index.php?category_name=$matches[1]&paged=$matches[2]\";s:17:\"category/(.+?)/?$\";s:35:\"index.php?category_name=$matches[1]\";s:44:\"tag/([^/]+)/feed/(feed|rdf|rss|rss2|atom)/?$\";s:42:\"index.php?tag=$matches[1]&feed=$matches[2]\";s:39:\"tag/([^/]+)/(feed|rdf|rss|rss2|atom)/?$\";s:42:\"index.php?tag=$matches[1]&feed=$matches[2]\";s:20:\"tag/([^/]+)/embed/?$\";s:36:\"index.php?tag=$matches[1]&embed=true\";s:32:\"tag/([^/]+)/page/?([0-9]{1,})/?$\";s:43:\"index.php?tag=$matches[1]&paged=$matches[2]\";s:14:\"tag/([^/]+)/?$\";s:25:\"index.php?tag=$matches[1]\";s:45:\"type/([^/]+)/feed/(feed|rdf|rss|rss2|atom)/?$\";s:50:\"index.php?post_format=$matches[1]&feed=$matches[2]\";s:40:\"type/([^/]+)/(feed|rdf|rss|rss2|atom)/?$\";s:50:\"index.php?post_format=$matches[1]&feed=$matches[2]\";s:21:\"type/([^/]+)/embed/?$\";s:44:\"index.php?post_format=$matches[1]&embed=true\";s:33:\"type/([^/]+)/page/?([0-9]{1,})/?$\";s:51:\"index.php?post_format=$matches[1]&paged=$matches[2]\";s:15:\"type/([^/]+)/?$\";s:33:\"index.php?post_format=$matches[1]\";s:48:\".*wp-(atom|rdf|rss|rss2|feed|commentsrss2)\\.php$\";s:18:\"index.php?feed=old\";s:20:\".*wp-app\\.php(/.*)?$\";s:19:\"index.php?error=403\";s:18:\".*wp-register.php$\";s:23:\"index.php?register=true\";s:32:\"feed/(feed|rdf|rss|rss2|atom)/?$\";s:27:\"index.php?&feed=$matches[1]\";s:27:\"(feed|rdf|rss|rss2|atom)/?$\";s:27:\"index.php?&feed=$matches[1]\";s:8:\"embed/?$\";s:21:\"index.php?&embed=true\";s:20:\"page/?([0-9]{1,})/?$\";s:28:\"index.php?&paged=$matches[1]\";s:41:\"comments/feed/(feed|rdf|rss|rss2|atom)/?$\";s:42:\"index.php?&feed=$matches[1]&withcomments=1\";s:36:\"comments/(feed|rdf|rss|rss2|atom)/?$\";s:42:\"index.php?&feed=$matches[1]&withcomments=1\";s:17:\"comments/embed/?$\";s:21:\"index.php?&embed=true\";s:44:\"search/(.+)/feed/(feed|rdf|rss|rss2|atom)/?$\";s:40:\"index.php?s=$matches[1]&feed=$matches[2]\";s:39:\"search/(.+)/(feed|rdf|rss|rss2|atom)/?$\";s:40:\"index.php?s=$matches[1]&feed=$matches[2]\";s:20:\"search/(.+)/embed/?$\";s:34:\"index.php?s=$matches[1]&embed=true\";s:32:\"search/(.+)/page/?([0-9]{1,})/?$\";s:41:\"index.php?s=$matches[1]&paged=$matches[2]\";s:14:\"search/(.+)/?$\";s:23:\"index.php?s=$matches[1]\";s:47:\"author/([^/]+)/feed/(feed|rdf|rss|rss2|atom)/?$\";s:50:\"index.php?author_name=$matches[1]&feed=$matches[2]\";s:42:\"author/([^/]+)/(feed|rdf|rss|rss2|atom)/?$\";s:50:\"index.php?author_name=$matches[1]&feed=$matches[2]\";s:23:\"author/([^/]+)/embed/?$\";s:44:\"index.php?author_name=$matches[1]&embed=true\";s:35:\"author/([^/]+)/page/?([0-9]{1,})/?$\";s:51:\"index.php?author_name=$matches[1]&paged=$matches[2]\";s:17:\"author/([^/]+)/?$\";s:33:\"index.php?author_name=$matches[1]\";s:69:\"([0-9]{4})/([0-9]{1,2})/([0-9]{1,2})/feed/(feed|rdf|rss|rss2|atom)/?$\";s:80:\"index.php?year=$matches[1]&monthnum=$matches[2]&day=$matches[3]&feed=$matches[4]\";s:64:\"([0-9]{4})/([0-9]{1,2})/([0-9]{1,2})/(feed|rdf|rss|rss2|atom)/?$\";s:80:\"index.php?year=$matches[1]&monthnum=$matches[2]&day=$matches[3]&feed=$matches[4]\";s:45:\"([0-9]{4})/([0-9]{1,2})/([0-9]{1,2})/embed/?$\";s:74:\"index.php?year=$matches[1]&monthnum=$matches[2]&day=$matches[3]&embed=true\";s:57:\"([0-9]{4})/([0-9]{1,2})/([0-9]{1,2})/page/?([0-9]{1,})/?$\";s:81:\"index.php?year=$matches[1]&monthnum=$matches[2]&day=$matches[3]&paged=$matches[4]\";s:39:\"([0-9]{4})/([0-9]{1,2})/([0-9]{1,2})/?$\";s:63:\"index.php?year=$matches[1]&monthnum=$matches[2]&day=$matches[3]\";s:56:\"([0-9]{4})/([0-9]{1,2})/feed/(feed|rdf|rss|rss2|atom)/?$\";s:64:\"index.php?year=$matches[1]&monthnum=$matches[2]&feed=$matches[3]\";s:51:\"([0-9]{4})/([0-9]{1,2})/(feed|rdf|rss|rss2|atom)/?$\";s:64:\"index.php?year=$matches[1]&monthnum=$matches[2]&feed=$matches[3]\";s:32:\"([0-9]{4})/([0-9]{1,2})/embed/?$\";s:58:\"index.php?year=$matches[1]&monthnum=$matches[2]&embed=true\";s:44:\"([0-9]{4})/([0-9]{1,2})/page/?([0-9]{1,})/?$\";s:65:\"index.php?year=$matches[1]&monthnum=$matches[2]&paged=$matches[3]\";s:26:\"([0-9]{4})/([0-9]{1,2})/?$\";s:47:\"index.php?year=$matches[1]&monthnum=$matches[2]\";s:43:\"([0-9]{4})/feed/(feed|rdf|rss|rss2|atom)/?$\";s:43:\"index.php?year=$matches[1]&feed=$matches[2]\";s:38:\"([0-9]{4})/(feed|rdf|rss|rss2|atom)/?$\";s:43:\"index.php?year=$matches[1]&feed=$matches[2]\";s:19:\"([0-9]{4})/embed/?$\";s:37:\"index.php?year=$matches[1]&embed=true\";s:31:\"([0-9]{4})/page/?([0-9]{1,})/?$\";s:44:\"index.php?year=$matches[1]&paged=$matches[2]\";s:13:\"([0-9]{4})/?$\";s:26:\"index.php?year=$matches[1]\";s:58:\"[0-9]{4}/[0-9]{1,2}/[0-9]{1,2}/[^/]+/attachment/([^/]+)/?$\";s:32:\"index.php?attachment=$matches[1]\";s:68:\"[0-9]{4}/[0-9]{1,2}/[0-9]{1,2}/[^/]+/attachment/([^/]+)/trackback/?$\";s:37:\"index.php?attachment=$matches[1]&tb=1\";s:88:\"[0-9]{4}/[0-9]{1,2}/[0-9]{1,2}/[^/]+/attachment/([^/]+)/feed/(feed|rdf|rss|rss2|atom)/?$\";s:49:\"index.php?attachment=$matches[1]&feed=$matches[2]\";s:83:\"[0-9]{4}/[0-9]{1,2}/[0-9]{1,2}/[^/]+/attachment/([^/]+)/(feed|rdf|rss|rss2|atom)/?$\";s:49:\"index.php?attachment=$matches[1]&feed=$matches[2]\";s:83:\"[0-9]{4}/[0-9]{1,2}/[0-9]{1,2}/[^/]+/attachment/([^/]+)/comment-page-([0-9]{1,})/?$\";s:50:\"index.php?attachment=$matches[1]&cpage=$matches[2]\";s:64:\"[0-9]{4}/[0-9]{1,2}/[0-9]{1,2}/[^/]+/attachment/([^/]+)/embed/?$\";s:43:\"index.php?attachment=$matches[1]&embed=true\";s:53:\"([0-9]{4})/([0-9]{1,2})/([0-9]{1,2})/([^/]+)/embed/?$\";s:91:\"index.php?year=$matches[1]&monthnum=$matches[2]&day=$matches[3]&name=$matches[4]&embed=true\";s:57:\"([0-9]{4})/([0-9]{1,2})/([0-9]{1,2})/([^/]+)/trackback/?$\";s:85:\"index.php?year=$matches[1]&monthnum=$matches[2]&day=$matches[3]&name=$matches[4]&tb=1\";s:77:\"([0-9]{4})/([0-9]{1,2})/([0-9]{1,2})/([^/]+)/feed/(feed|rdf|rss|rss2|atom)/?$\";s:97:\"index.php?year=$matches[1]&monthnum=$matches[2]&day=$matches[3]&name=$matches[4]&feed=$matches[5]\";s:72:\"([0-9]{4})/([0-9]{1,2})/([0-9]{1,2})/([^/]+)/(feed|rdf|rss|rss2|atom)/?$\";s:97:\"index.php?year=$matches[1]&monthnum=$matches[2]&day=$matches[3]&name=$matches[4]&feed=$matches[5]\";s:65:\"([0-9]{4})/([0-9]{1,2})/([0-9]{1,2})/([^/]+)/page/?([0-9]{1,})/?$\";s:98:\"index.php?year=$matches[1]&monthnum=$matches[2]&day=$matches[3]&name=$matches[4]&paged=$matches[5]\";s:72:\"([0-9]{4})/([0-9]{1,2})/([0-9]{1,2})/([^/]+)/comment-page-([0-9]{1,})/?$\";s:98:\"index.php?year=$matches[1]&monthnum=$matches[2]&day=$matches[3]&name=$matches[4]&cpage=$matches[5]\";s:61:\"([0-9]{4})/([0-9]{1,2})/([0-9]{1,2})/([^/]+)(?:/([0-9]+))?/?$\";s:97:\"index.php?year=$matches[1]&monthnum=$matches[2]&day=$matches[3]&name=$matches[4]&page=$matches[5]\";s:47:\"[0-9]{4}/[0-9]{1,2}/[0-9]{1,2}/[^/]+/([^/]+)/?$\";s:32:\"index.php?attachment=$matches[1]\";s:57:\"[0-9]{4}/[0-9]{1,2}/[0-9]{1,2}/[^/]+/([^/]+)/trackback/?$\";s:37:\"index.php?attachment=$matches[1]&tb=1\";s:77:\"[0-9]{4}/[0-9]{1,2}/[0-9]{1,2}/[^/]+/([^/]+)/feed/(feed|rdf|rss|rss2|atom)/?$\";s:49:\"index.php?attachment=$matches[1]&feed=$matches[2]\";s:72:\"[0-9]{4}/[0-9]{1,2}/[0-9]{1,2}/[^/]+/([^/]+)/(feed|rdf|rss|rss2|atom)/?$\";s:49:\"index.php?attachment=$matches[1]&feed=$matches[2]\";s:72:\"[0-9]{4}/[0-9]{1,2}/[0-9]{1,2}/[^/]+/([^/]+)/comment-page-([0-9]{1,})/?$\";s:50:\"index.php?attachment=$matches[1]&cpage=$matches[2]\";s:53:\"[0-9]{4}/[0-9]{1,2}/[0-9]{1,2}/[^/]+/([^/]+)/embed/?$\";s:43:\"index.php?attachment=$matches[1]&embed=true\";s:64:\"([0-9]{4})/([0-9]{1,2})/([0-9]{1,2})/comment-page-([0-9]{1,})/?$\";s:81:\"index.php?year=$matches[1]&monthnum=$matches[2]&day=$matches[3]&cpage=$matches[4]\";s:51:\"([0-9]{4})/([0-9]{1,2})/comment-page-([0-9]{1,})/?$\";s:65:\"index.php?year=$matches[1]&monthnum=$matches[2]&cpage=$matches[3]\";s:38:\"([0-9]{4})/comment-page-([0-9]{1,})/?$\";s:44:\"index.php?year=$matches[1]&cpage=$matches[2]\";s:27:\".?.+?/attachment/([^/]+)/?$\";s:32:\"index.php?attachment=$matches[1]\";s:37:\".?.+?/attachment/([^/]+)/trackback/?$\";s:37:\"index.php?attachment=$matches[1]&tb=1\";s:57:\".?.+?/attachment/([^/]+)/feed/(feed|rdf|rss|rss2|atom)/?$\";s:49:\"index.php?attachment=$matches[1]&feed=$matches[2]\";s:52:\".?.+?/attachment/([^/]+)/(feed|rdf|rss|rss2|atom)/?$\";s:49:\"index.php?attachment=$matches[1]&feed=$matches[2]\";s:52:\".?.+?/attachment/([^/]+)/comment-page-([0-9]{1,})/?$\";s:50:\"index.php?attachment=$matches[1]&cpage=$matches[2]\";s:33:\".?.+?/attachment/([^/]+)/embed/?$\";s:43:\"index.php?attachment=$matches[1]&embed=true\";s:16:\"(.?.+?)/embed/?$\";s:41:\"index.php?pagename=$matches[1]&embed=true\";s:20:\"(.?.+?)/trackback/?$\";s:35:\"index.php?pagename=$matches[1]&tb=1\";s:40:\"(.?.+?)/feed/(feed|rdf|rss|rss2|atom)/?$\";s:47:\"index.php?pagename=$matches[1]&feed=$matches[2]\";s:35:\"(.?.+?)/(feed|rdf|rss|rss2|atom)/?$\";s:47:\"index.php?pagename=$matches[1]&feed=$matches[2]\";s:28:\"(.?.+?)/page/?([0-9]{1,})/?$\";s:48:\"index.php?pagename=$matches[1]&paged=$matches[2]\";s:35:\"(.?.+?)/comment-page-([0-9]{1,})/?$\";s:48:\"index.php?pagename=$matches[1]&cpage=$matches[2]\";s:24:\"(.?.+?)(?:/([0-9]+))?/?$\";s:47:\"index.php?pagename=$matches[1]&page=$matches[2]\";}', 'yes'),
(30, 'hack_file', '0', 'yes'),
(31, 'blog_charset', 'UTF-8', 'yes'),
(32, 'moderation_keys', '', 'no'),
(34, 'category_base', '', 'yes'),
(35, 'ping_sites', 'http://rpc.pingomatic.com/', 'yes'),
(36, 'comment_max_links', '2', 'yes'),
(37, 'gmt_offset', '0', 'yes'),
(38, 'default_email_category', '1', 'yes'),
(39, 'recently_edited', 'a:5:{i:0;s:73:\"/home/aapgsue1/blogs.aapgsuez.net/Blog/wp-content/themes/apg/css/main.css\";i:1;s:70:\"/home/aapgsue1/blogs.aapgsuez.net/Blog/wp-content/themes/apg/style.css\";i:3;s:74:\"/home/aapgsue1/blogs.aapgsuez.net/Blog/wp-content/themes/apg/functions.php\";i:4;s:71:\"/home/aapgsue1/blogs.aapgsuez.net/Blog/wp-content/themes/apg/header.php\";i:5;s:71:\"/home/aapgsue1/blogs.aapgsuez.net/Blog/wp-content/themes/apg/footer.php\";}', 'no'),
(42, 'comment_whitelist', '1', 'yes'),
(43, 'blacklist_keys', '', 'no'),
(44, 'comment_registration', '0', 'yes'),
(45, 'html_type', 'text/html', 'yes'),
(46, 'use_trackback', '0', 'yes'),
(47, 'default_role', 'subscriber', 'yes'),
(48, 'db_version', '45805', 'yes'),
(49, 'uploads_use_yearmonth_folders', '1', 'yes'),
(50, 'upload_path', '', 'yes'),
(51, 'blog_public', '1', 'yes'),
(52, 'default_link_category', '2', 'yes'),
(53, 'show_on_front', 'posts', 'yes'),
(54, 'tag_base', '', 'yes'),
(55, 'show_avatars', '1', 'yes'),
(56, 'avatar_rating', 'G', 'yes'),
(57, 'upload_url_path', '', 'yes'),
(58, 'thumbnail_size_w', '150', 'yes'),
(59, 'thumbnail_size_h', '150', 'yes'),
(60, 'thumbnail_crop', '1', 'yes'),
(61, 'medium_size_w', '300', 'yes'),
(62, 'medium_size_h', '300', 'yes'),
(63, 'avatar_default', 'mystery', 'yes'),
(64, 'large_size_w', '1024', 'yes'),
(65, 'large_size_h', '1024', 'yes'),
(66, 'image_default_link_type', 'none', 'yes'),
(67, 'image_default_size', '', 'yes'),
(68, 'image_default_align', '', 'yes'),
(69, 'close_comments_for_old_posts', '0', 'yes'),
(70, 'close_comments_days_old', '14', 'yes'),
(71, 'thread_comments', '1', 'yes'),
(72, 'thread_comments_depth', '5', 'yes'),
(73, 'page_comments', '0', 'yes'),
(74, 'comments_per_page', '50', 'yes'),
(75, 'default_comments_page', 'newest', 'yes'),
(76, 'comment_order', 'asc', 'yes'),
(77, 'sticky_posts', 'a:0:{}', 'yes'),
(78, 'widget_categories', 'a:2:{i:2;a:4:{s:5:\"title\";s:0:\"\";s:5:\"count\";i:0;s:12:\"hierarchical\";i:0;s:8:\"dropdown\";i:0;}s:12:\"_multiwidget\";i:1;}', 'yes'),
(79, 'widget_text', 'a:0:{}', 'yes'),
(80, 'widget_rss', 'a:0:{}', 'yes'),
(81, 'uninstall_plugins', 'a:0:{}', 'no'),
(82, 'timezone_string', '', 'yes'),
(83, 'page_for_posts', '0', 'yes'),
(84, 'page_on_front', '0', 'yes'),
(85, 'default_post_format', '0', 'yes'),
(86, 'link_manager_enabled', '0', 'yes'),
(87, 'finished_splitting_shared_terms', '1', 'yes'),
(88, 'site_icon', '0', 'yes'),
(89, 'medium_large_size_w', '768', 'yes'),
(90, 'medium_large_size_h', '0', 'yes'),
(91, 'wp_page_for_privacy_policy', '3', 'yes'),
(92, 'show_comments_cookies_opt_in', '1', 'yes'),
(93, 'initial_db_version', '44719', 'yes'),
(94, 'bloguser_roles', 'a:5:{s:13:\"administrator\";a:2:{s:4:\"name\";s:13:\"Administrator\";s:12:\"capabilities\";a:61:{s:13:\"switch_themes\";b:1;s:11:\"edit_themes\";b:1;s:16:\"activate_plugins\";b:1;s:12:\"edit_plugins\";b:1;s:10:\"edit_users\";b:1;s:10:\"edit_files\";b:1;s:14:\"manage_options\";b:1;s:17:\"moderate_comments\";b:1;s:17:\"manage_categories\";b:1;s:12:\"manage_links\";b:1;s:12:\"upload_files\";b:1;s:6:\"import\";b:1;s:15:\"unfiltered_html\";b:1;s:10:\"edit_posts\";b:1;s:17:\"edit_others_posts\";b:1;s:20:\"edit_published_posts\";b:1;s:13:\"publish_posts\";b:1;s:10:\"edit_pages\";b:1;s:4:\"read\";b:1;s:8:\"level_10\";b:1;s:7:\"level_9\";b:1;s:7:\"level_8\";b:1;s:7:\"level_7\";b:1;s:7:\"level_6\";b:1;s:7:\"level_5\";b:1;s:7:\"level_4\";b:1;s:7:\"level_3\";b:1;s:7:\"level_2\";b:1;s:7:\"level_1\";b:1;s:7:\"level_0\";b:1;s:17:\"edit_others_pages\";b:1;s:20:\"edit_published_pages\";b:1;s:13:\"publish_pages\";b:1;s:12:\"delete_pages\";b:1;s:19:\"delete_others_pages\";b:1;s:22:\"delete_published_pages\";b:1;s:12:\"delete_posts\";b:1;s:19:\"delete_others_posts\";b:1;s:22:\"delete_published_posts\";b:1;s:20:\"delete_private_posts\";b:1;s:18:\"edit_private_posts\";b:1;s:18:\"read_private_posts\";b:1;s:20:\"delete_private_pages\";b:1;s:18:\"edit_private_pages\";b:1;s:18:\"read_private_pages\";b:1;s:12:\"delete_users\";b:1;s:12:\"create_users\";b:1;s:17:\"unfiltered_upload\";b:1;s:14:\"edit_dashboard\";b:1;s:14:\"update_plugins\";b:1;s:14:\"delete_plugins\";b:1;s:15:\"install_plugins\";b:1;s:13:\"update_themes\";b:1;s:14:\"install_themes\";b:1;s:11:\"update_core\";b:1;s:10:\"list_users\";b:1;s:12:\"remove_users\";b:1;s:13:\"promote_users\";b:1;s:18:\"edit_theme_options\";b:1;s:13:\"delete_themes\";b:1;s:6:\"export\";b:1;}}s:6:\"editor\";a:2:{s:4:\"name\";s:6:\"Editor\";s:12:\"capabilities\";a:34:{s:17:\"moderate_comments\";b:1;s:17:\"manage_categories\";b:1;s:12:\"manage_links\";b:1;s:12:\"upload_files\";b:1;s:15:\"unfiltered_html\";b:1;s:10:\"edit_posts\";b:1;s:17:\"edit_others_posts\";b:1;s:20:\"edit_published_posts\";b:1;s:13:\"publish_posts\";b:1;s:10:\"edit_pages\";b:1;s:4:\"read\";b:1;s:7:\"level_7\";b:1;s:7:\"level_6\";b:1;s:7:\"level_5\";b:1;s:7:\"level_4\";b:1;s:7:\"level_3\";b:1;s:7:\"level_2\";b:1;s:7:\"level_1\";b:1;s:7:\"level_0\";b:1;s:17:\"edit_others_pages\";b:1;s:20:\"edit_published_pages\";b:1;s:13:\"publish_pages\";b:1;s:12:\"delete_pages\";b:1;s:19:\"delete_others_pages\";b:1;s:22:\"delete_published_pages\";b:1;s:12:\"delete_posts\";b:1;s:19:\"delete_others_posts\";b:1;s:22:\"delete_published_posts\";b:1;s:20:\"delete_private_posts\";b:1;s:18:\"edit_private_posts\";b:1;s:18:\"read_private_posts\";b:1;s:20:\"delete_private_pages\";b:1;s:18:\"edit_private_pages\";b:1;s:18:\"read_private_pages\";b:1;}}s:6:\"author\";a:2:{s:4:\"name\";s:6:\"Author\";s:12:\"capabilities\";a:10:{s:12:\"upload_files\";b:1;s:10:\"edit_posts\";b:1;s:20:\"edit_published_posts\";b:1;s:13:\"publish_posts\";b:1;s:4:\"read\";b:1;s:7:\"level_2\";b:1;s:7:\"level_1\";b:1;s:7:\"level_0\";b:1;s:12:\"delete_posts\";b:1;s:22:\"delete_published_posts\";b:1;}}s:11:\"contributor\";a:2:{s:4:\"name\";s:11:\"Contributor\";s:12:\"capabilities\";a:5:{s:10:\"edit_posts\";b:1;s:4:\"read\";b:1;s:7:\"level_1\";b:1;s:7:\"level_0\";b:1;s:12:\"delete_posts\";b:1;}}s:10:\"subscriber\";a:2:{s:4:\"name\";s:10:\"Subscriber\";s:12:\"capabilities\";a:2:{s:4:\"read\";b:1;s:7:\"level_0\";b:1;}}}', 'yes'),
(95, 'fresh_site', '0', 'yes'),
(96, 'widget_search', 'a:2:{i:2;a:1:{s:5:\"title\";s:0:\"\";}s:12:\"_multiwidget\";i:1;}', 'yes'),
(97, 'widget_recent-posts', 'a:2:{i:2;a:2:{s:5:\"title\";s:0:\"\";s:6:\"number\";i:5;}s:12:\"_multiwidget\";i:1;}', 'yes'),
(98, 'widget_recent-comments', 'a:2:{i:2;a:2:{s:5:\"title\";s:0:\"\";s:6:\"number\";i:5;}s:12:\"_multiwidget\";i:1;}', 'yes'),
(99, 'widget_archives', 'a:2:{i:2;a:3:{s:5:\"title\";s:0:\"\";s:5:\"count\";i:0;s:8:\"dropdown\";i:0;}s:12:\"_multiwidget\";i:1;}', 'yes'),
(100, 'widget_meta', 'a:2:{i:2;a:1:{s:5:\"title\";s:0:\"\";}s:12:\"_multiwidget\";i:1;}', 'yes'),
(101, 'sidebars_widgets', 'a:3:{s:19:\"wp_inactive_widgets\";a:0:{}s:12:\"main-sidebar\";a:6:{i:0;s:8:\"search-2\";i:1;s:14:\"recent-posts-2\";i:2;s:17:\"recent-comments-2\";i:3;s:10:\"archives-2\";i:4;s:12:\"categories-2\";i:5;s:6:\"meta-2\";}s:13:\"array_version\";i:3;}', 'yes'),
(102, 'cron', 'a:8:{i:1585470522;a:1:{s:34:\"wp_privacy_delete_old_export_files\";a:1:{s:32:\"40cd750bba9870f18aada2478b24840a\";a:3:{s:8:\"schedule\";s:6:\"hourly\";s:4:\"args\";a:0:{}s:8:\"interval\";i:3600;}}}i:1585481320;a:1:{s:32:\"recovery_mode_clean_expired_keys\";a:1:{s:32:\"40cd750bba9870f18aada2478b24840a\";a:3:{s:8:\"schedule\";s:5:\"daily\";s:4:\"args\";a:0:{}s:8:\"interval\";i:86400;}}}i:1585481321;a:2:{s:17:\"wp_update_plugins\";a:1:{s:32:\"40cd750bba9870f18aada2478b24840a\";a:3:{s:8:\"schedule\";s:10:\"twicedaily\";s:4:\"args\";a:0:{}s:8:\"interval\";i:43200;}}s:16:\"wp_update_themes\";a:1:{s:32:\"40cd750bba9870f18aada2478b24840a\";a:3:{s:8:\"schedule\";s:10:\"twicedaily\";s:4:\"args\";a:0:{}s:8:\"interval\";i:43200;}}}i:1585481322;a:3:{s:16:\"wp_version_check\";a:1:{s:32:\"40cd750bba9870f18aada2478b24840a\";a:3:{s:8:\"schedule\";s:10:\"twicedaily\";s:4:\"args\";a:0:{}s:8:\"interval\";i:43200;}}s:17:\"wp_update_plugins\";a:1:{s:32:\"40cd750bba9870f18aada2478b24840a\";a:3:{s:8:\"schedule\";s:10:\"twicedaily\";s:4:\"args\";a:0:{}s:8:\"interval\";i:43200;}}s:16:\"wp_update_themes\";a:1:{s:32:\"40cd750bba9870f18aada2478b24840a\";a:3:{s:8:\"schedule\";s:10:\"twicedaily\";s:4:\"args\";a:0:{}s:8:\"interval\";i:43200;}}}i:1585481352;a:2:{s:19:\"wp_scheduled_delete\";a:1:{s:32:\"40cd750bba9870f18aada2478b24840a\";a:3:{s:8:\"schedule\";s:5:\"daily\";s:4:\"args\";a:0:{}s:8:\"interval\";i:86400;}}s:25:\"delete_expired_transients\";a:1:{s:32:\"40cd750bba9870f18aada2478b24840a\";a:3:{s:8:\"schedule\";s:5:\"daily\";s:4:\"args\";a:0:{}s:8:\"interval\";i:86400;}}}i:1585481354;a:1:{s:30:\"wp_scheduled_auto_draft_delete\";a:1:{s:32:\"40cd750bba9870f18aada2478b24840a\";a:3:{s:8:\"schedule\";s:5:\"daily\";s:4:\"args\";a:0:{}s:8:\"interval\";i:86400;}}}i:1585515002;a:1:{s:21:\"ai1wm_storage_cleanup\";a:1:{s:32:\"40cd750bba9870f18aada2478b24840a\";a:3:{s:8:\"schedule\";s:5:\"daily\";s:4:\"args\";a:0:{}s:8:\"interval\";i:86400;}}}s:7:\"version\";i:2;}', 'yes'),
(103, 'widget_pages', 'a:1:{s:12:\"_multiwidget\";i:1;}', 'yes'),
(104, 'widget_calendar', 'a:1:{s:12:\"_multiwidget\";i:1;}', 'yes'),
(105, 'widget_media_audio', 'a:1:{s:12:\"_multiwidget\";i:1;}', 'yes'),
(106, 'widget_media_image', 'a:1:{s:12:\"_multiwidget\";i:1;}', 'yes'),
(107, 'widget_media_gallery', 'a:1:{s:12:\"_multiwidget\";i:1;}', 'yes'),
(108, 'widget_media_video', 'a:1:{s:12:\"_multiwidget\";i:1;}', 'yes'),
(109, 'widget_tag_cloud', 'a:1:{s:12:\"_multiwidget\";i:1;}', 'yes'),
(110, 'widget_nav_menu', 'a:1:{s:12:\"_multiwidget\";i:1;}', 'yes'),
(111, 'widget_custom_html', 'a:1:{s:12:\"_multiwidget\";i:1;}', 'yes'),
(113, 'recovery_keys', 'a:0:{}', 'yes'),
(115, 'theme_mods_twentynineteen', 'a:2:{s:18:\"custom_css_post_id\";i:-1;s:16:\"sidebars_widgets\";a:2:{s:4:\"time\";i:1582025644;s:4:\"data\";a:2:{s:19:\"wp_inactive_widgets\";a:0:{}s:9:\"sidebar-1\";a:6:{i:0;s:8:\"search-2\";i:1;s:14:\"recent-posts-2\";i:2;s:17:\"recent-comments-2\";i:3;s:10:\"archives-2\";i:4;s:12:\"categories-2\";i:5;s:6:\"meta-2\";}}}}', 'yes'),
(124, 'auto_core_update_notified', 'a:4:{s:4:\"type\";s:7:\"success\";s:5:\"email\";s:24:\"ahmedhimdan828@gmail.com\";s:7:\"version\";s:5:\"5.2.5\";s:9:\"timestamp\";i:1582025333;}', 'no'),
(144, 'current_theme', 'apg-new', 'yes'),
(145, 'theme_mods_apg', 'a:3:{i:0;b:0;s:18:\"nav_menu_locations\";a:1:{s:14:\"bootstrap-menu\";i:2;}s:18:\"custom_css_post_id\";i:-1;}', 'yes'),
(146, 'theme_switched', '', 'yes'),
(167, 'nav_menu_options', 'a:2:{i:0;b:0;s:8:\"auto_add\";a:0:{}}', 'yes'),
(252, 'category_children', 'a:0:{}', 'yes'),
(255, 'recently_activated', 'a:0:{}', 'yes'),
(267, 'active_plugins', 'a:1:{i:0;s:51:\"all-in-one-wp-migration/all-in-one-wp-migration.php\";}', 'yes'),
(268, 'ai1wm_secret_key', 'YwubT4pzWNMg', 'yes'),
(269, 'ai1wm_backups_labels', 'a:0:{}', 'yes'),
(270, 'ai1wm_sites_links', 'a:0:{}', 'yes'),
(271, 'template', 'apg', 'yes'),
(272, 'stylesheet', 'apg', 'yes'),
(273, 'jetpack_active_modules', 'a:0:{}', 'yes'),
(274, 'ai1wm_status', 'a:3:{s:4:\"type\";s:4:\"done\";s:5:\"title\";s:41:\"Your site has been imported successfully!\";s:7:\"message\";s:405:\"» <a class=\"ai1wm-no-underline\" href=\"http://www.blogs.aapgsuez.net/Blog/wp-admin/options-permalink.php#submit\" target=\"_blank\">Save permalinks structure</a>.</strong> (opens a new window)<br />» <a class=\"ai1wm-no-underline\" href=\"https://wordpress.org/support/view/plugin-reviews/all-in-one-wp-migration?rate=5#postform\" target=\"_blank\">Optionally, review the plugin</a>.</strong> (opens a new window)\";}', 'yes'),
(283, 'ai1wm_updater', 'a:0:{}', 'yes'),
(400, 'admin_email_lifespan', '1599670172', 'yes'),
(401, 'db_upgraded', '', 'yes'),
(413, 'can_compress_scripts', '1', 'no'),
(656, '_site_transient_timeout_theme_roots', '1585450946', 'no'),
(657, '_site_transient_theme_roots', 'a:1:{s:3:\"apg\";s:7:\"/themes\";}', 'no'),
(660, '_site_transient_update_core', 'O:8:\"stdClass\":4:{s:7:\"updates\";a:1:{i:0;O:8:\"stdClass\":10:{s:8:\"response\";s:6:\"latest\";s:8:\"download\";s:59:\"https://downloads.wordpress.org/release/wordpress-5.3.2.zip\";s:6:\"locale\";s:5:\"en_US\";s:8:\"packages\";O:8:\"stdClass\":5:{s:4:\"full\";s:59:\"https://downloads.wordpress.org/release/wordpress-5.3.2.zip\";s:10:\"no_content\";s:70:\"https://downloads.wordpress.org/release/wordpress-5.3.2-no-content.zip\";s:11:\"new_bundled\";s:71:\"https://downloads.wordpress.org/release/wordpress-5.3.2-new-bundled.zip\";s:7:\"partial\";b:0;s:8:\"rollback\";b:0;}s:7:\"current\";s:5:\"5.3.2\";s:7:\"version\";s:5:\"5.3.2\";s:11:\"php_version\";s:6:\"5.6.20\";s:13:\"mysql_version\";s:3:\"5.0\";s:11:\"new_bundled\";s:3:\"5.3\";s:15:\"partial_version\";s:0:\"\";}}s:12:\"last_checked\";i:1585449149;s:15:\"version_checked\";s:5:\"5.3.2\";s:12:\"translations\";a:0:{}}', 'no'),
(661, '_site_transient_update_themes', 'O:8:\"stdClass\":4:{s:12:\"last_checked\";i:1585449150;s:7:\"checked\";a:1:{s:3:\"apg\";s:5:\"3.0.0\";}s:8:\"response\";a:0:{}s:12:\"translations\";a:0:{}}', 'no'),
(662, '_site_transient_update_plugins', 'O:8:\"stdClass\":5:{s:12:\"last_checked\";i:1585449150;s:7:\"checked\";a:4:{s:51:\"all-in-one-wp-migration/all-in-one-wp-migration.php\";s:4:\"7.17\";s:43:\"all-in-one-seo-pack/all_in_one_seo_pack.php\";s:5:\"3.3.5\";s:39:\"email-subscribers/email-subscribers.php\";s:7:\"4.4.1.1\";s:35:\"secondary-title/secondary-title.php\";s:5:\"2.0.2\";}s:8:\"response\";a:2:{s:51:\"all-in-one-wp-migration/all-in-one-wp-migration.php\";O:8:\"stdClass\":12:{s:2:\"id\";s:37:\"w.org/plugins/all-in-one-wp-migration\";s:4:\"slug\";s:23:\"all-in-one-wp-migration\";s:6:\"plugin\";s:51:\"all-in-one-wp-migration/all-in-one-wp-migration.php\";s:11:\"new_version\";s:4:\"7.18\";s:3:\"url\";s:54:\"https://wordpress.org/plugins/all-in-one-wp-migration/\";s:7:\"package\";s:71:\"https://downloads.wordpress.org/plugin/all-in-one-wp-migration.7.18.zip\";s:5:\"icons\";a:2:{s:2:\"2x\";s:76:\"https://ps.w.org/all-in-one-wp-migration/assets/icon-256x256.png?rev=2246309\";s:2:\"1x\";s:76:\"https://ps.w.org/all-in-one-wp-migration/assets/icon-128x128.png?rev=2246309\";}s:7:\"banners\";a:2:{s:2:\"2x\";s:79:\"https://ps.w.org/all-in-one-wp-migration/assets/banner-1544x500.png?rev=2246309\";s:2:\"1x\";s:78:\"https://ps.w.org/all-in-one-wp-migration/assets/banner-772x250.png?rev=2246309\";}s:11:\"banners_rtl\";a:0:{}s:6:\"tested\";s:3:\"5.4\";s:12:\"requires_php\";s:6:\"5.2.17\";s:13:\"compatibility\";O:8:\"stdClass\":0:{}}s:39:\"email-subscribers/email-subscribers.php\";O:8:\"stdClass\":12:{s:2:\"id\";s:31:\"w.org/plugins/email-subscribers\";s:4:\"slug\";s:17:\"email-subscribers\";s:6:\"plugin\";s:39:\"email-subscribers/email-subscribers.php\";s:11:\"new_version\";s:5:\"4.4.2\";s:3:\"url\";s:48:\"https://wordpress.org/plugins/email-subscribers/\";s:7:\"package\";s:66:\"https://downloads.wordpress.org/plugin/email-subscribers.4.4.2.zip\";s:5:\"icons\";a:2:{s:2:\"2x\";s:70:\"https://ps.w.org/email-subscribers/assets/icon-256x256.png?rev=1348697\";s:2:\"1x\";s:70:\"https://ps.w.org/email-subscribers/assets/icon-128x128.png?rev=1348697\";}s:7:\"banners\";a:1:{s:2:\"1x\";s:72:\"https://ps.w.org/email-subscribers/assets/banner-772x250.png?rev=1523132\";}s:11:\"banners_rtl\";a:0:{}s:6:\"tested\";s:5:\"5.3.2\";s:12:\"requires_php\";s:3:\"5.6\";s:13:\"compatibility\";O:8:\"stdClass\":0:{}}}s:12:\"translations\";a:0:{}s:9:\"no_update\";a:2:{s:43:\"all-in-one-seo-pack/all_in_one_seo_pack.php\";O:8:\"stdClass\":9:{s:2:\"id\";s:33:\"w.org/plugins/all-in-one-seo-pack\";s:4:\"slug\";s:19:\"all-in-one-seo-pack\";s:6:\"plugin\";s:43:\"all-in-one-seo-pack/all_in_one_seo_pack.php\";s:11:\"new_version\";s:5:\"3.3.5\";s:3:\"url\";s:50:\"https://wordpress.org/plugins/all-in-one-seo-pack/\";s:7:\"package\";s:68:\"https://downloads.wordpress.org/plugin/all-in-one-seo-pack.3.3.5.zip\";s:5:\"icons\";a:2:{s:2:\"2x\";s:72:\"https://ps.w.org/all-in-one-seo-pack/assets/icon-256x256.png?rev=2075006\";s:2:\"1x\";s:72:\"https://ps.w.org/all-in-one-seo-pack/assets/icon-128x128.png?rev=2075006\";}s:7:\"banners\";a:2:{s:2:\"2x\";s:75:\"https://ps.w.org/all-in-one-seo-pack/assets/banner-1544x500.png?rev=1354894\";s:2:\"1x\";s:74:\"https://ps.w.org/all-in-one-seo-pack/assets/banner-772x250.png?rev=1354894\";}s:11:\"banners_rtl\";a:0:{}}s:35:\"secondary-title/secondary-title.php\";O:8:\"stdClass\":9:{s:2:\"id\";s:29:\"w.org/plugins/secondary-title\";s:4:\"slug\";s:15:\"secondary-title\";s:6:\"plugin\";s:35:\"secondary-title/secondary-title.php\";s:11:\"new_version\";s:5:\"2.0.2\";s:3:\"url\";s:46:\"https://wordpress.org/plugins/secondary-title/\";s:7:\"package\";s:64:\"https://downloads.wordpress.org/plugin/secondary-title.2.0.2.zip\";s:5:\"icons\";a:3:{s:2:\"2x\";s:68:\"https://ps.w.org/secondary-title/assets/icon-256x256.png?rev=2193933\";s:2:\"1x\";s:60:\"https://ps.w.org/secondary-title/assets/icon.svg?rev=2193931\";s:3:\"svg\";s:60:\"https://ps.w.org/secondary-title/assets/icon.svg?rev=2193931\";}s:7:\"banners\";a:1:{s:2:\"1x\";s:70:\"https://ps.w.org/secondary-title/assets/banner-772x250.png?rev=2193917\";}s:11:\"banners_rtl\";a:0:{}}}}', 'no'),
(664, '_transient_doing_cron', '1588454218.6924180984497070312500', 'yes');

-- --------------------------------------------------------

--
-- Table structure for table `blogpostmeta`
--

CREATE TABLE `blogpostmeta` (
  `meta_id` bigint(20) UNSIGNED NOT NULL,
  `post_id` bigint(20) UNSIGNED NOT NULL DEFAULT 0,
  `meta_key` varchar(255) COLLATE utf8mb4_unicode_ci DEFAULT NULL,
  `meta_value` longtext COLLATE utf8mb4_unicode_ci DEFAULT NULL
) ENGINE=InnoDB DEFAULT CHARSET=utf8mb4 COLLATE=utf8mb4_unicode_ci;

--
-- Dumping data for table `blogpostmeta`
--

INSERT INTO `blogpostmeta` (`meta_id`, `post_id`, `meta_key`, `meta_value`) VALUES
(1, 2, '_wp_page_template', 'default'),
(2, 3, '_wp_page_template', 'default'),
(3, 5, '_menu_item_type', 'custom'),
(4, 5, '_menu_item_menu_item_parent', '0'),
(5, 5, '_menu_item_object_id', '5'),
(6, 5, '_menu_item_object', 'custom'),
(7, 5, '_menu_item_target', ''),
(8, 5, '_menu_item_classes', 'a:1:{i:0;s:0:\"\";}'),
(9, 5, '_menu_item_xfn', ''),
(10, 5, '_menu_item_url', 'http://www.aapgsuez.net/about.php'),
(12, 6, '_menu_item_type', 'custom'),
(13, 6, '_menu_item_menu_item_parent', '0'),
(14, 6, '_menu_item_object_id', '6'),
(15, 6, '_menu_item_object', 'custom'),
(16, 6, '_menu_item_target', ''),
(17, 6, '_menu_item_classes', 'a:1:{i:0;s:0:\"\";}'),
(18, 6, '_menu_item_xfn', ''),
(19, 6, '_menu_item_url', 'http://www.aapgsuez.net/index.php'),
(21, 7, '_menu_item_type', 'custom'),
(22, 7, '_menu_item_menu_item_parent', '0'),
(23, 7, '_menu_item_object_id', '7'),
(24, 7, '_menu_item_object', 'custom'),
(25, 7, '_menu_item_target', ''),
(26, 7, '_menu_item_classes', 'a:1:{i:0;s:0:\"\";}'),
(27, 7, '_menu_item_xfn', ''),
(28, 7, '_menu_item_url', 'http://www.aapgsuez.net/about.php#'),
(30, 8, '_menu_item_type', 'custom'),
(31, 8, '_menu_item_menu_item_parent', '0'),
(32, 8, '_menu_item_object_id', '8'),
(33, 8, '_menu_item_object', 'custom'),
(34, 8, '_menu_item_target', ''),
(35, 8, '_menu_item_classes', 'a:1:{i:0;s:0:\"\";}'),
(36, 8, '_menu_item_xfn', ''),
(37, 8, '_menu_item_url', 'http://www.aapgsuez.net/about.php#'),
(39, 9, '_menu_item_type', 'custom'),
(40, 9, '_menu_item_menu_item_parent', '0'),
(41, 9, '_menu_item_object_id', '9'),
(42, 9, '_menu_item_object', 'custom'),
(43, 9, '_menu_item_target', ''),
(44, 9, '_menu_item_classes', 'a:1:{i:0;s:0:\"\";}'),
(45, 9, '_menu_item_xfn', ''),
(46, 9, '_menu_item_url', 'http://blog.aapgsuez.net/'),
(48, 11, '_edit_lock', '1583443300:1'),
(49, 12, '_wp_attached_file', '2020/02/PACE-copy.jpg'),
(50, 12, '_wp_attachment_metadata', 'a:5:{s:5:\"width\";i:1200;s:6:\"height\";i:540;s:4:\"file\";s:21:\"2020/02/PACE-copy.jpg\";s:5:\"sizes\";a:4:{s:9:\"thumbnail\";a:4:{s:4:\"file\";s:21:\"PACE-copy-150x150.jpg\";s:5:\"width\";i:150;s:6:\"height\";i:150;s:9:\"mime-type\";s:10:\"image/jpeg\";}s:6:\"medium\";a:4:{s:4:\"file\";s:21:\"PACE-copy-300x135.jpg\";s:5:\"width\";i:300;s:6:\"height\";i:135;s:9:\"mime-type\";s:10:\"image/jpeg\";}s:12:\"medium_large\";a:4:{s:4:\"file\";s:21:\"PACE-copy-768x346.jpg\";s:5:\"width\";i:768;s:6:\"height\";i:346;s:9:\"mime-type\";s:10:\"image/jpeg\";}s:5:\"large\";a:4:{s:4:\"file\";s:22:\"PACE-copy-1024x461.jpg\";s:5:\"width\";i:1024;s:6:\"height\";i:461;s:9:\"mime-type\";s:10:\"image/jpeg\";}}s:10:\"image_meta\";a:12:{s:8:\"aperture\";s:1:\"0\";s:6:\"credit\";s:0:\"\";s:6:\"camera\";s:0:\"\";s:7:\"caption\";s:0:\"\";s:17:\"created_timestamp\";s:1:\"0\";s:9:\"copyright\";s:0:\"\";s:12:\"focal_length\";s:1:\"0\";s:3:\"iso\";s:1:\"0\";s:13:\"shutter_speed\";s:1:\"0\";s:5:\"title\";s:0:\"\";s:11:\"orientation\";s:1:\"1\";s:8:\"keywords\";a:0:{}}}'),
(55, 11, '_thumbnail_id', '12'),
(56, 15, '_edit_lock', '1583443292:1'),
(57, 16, '_edit_lock', '1583443285:1'),
(58, 17, '_edit_lock', '1583443276:1'),
(61, 15, '_thumbnail_id', '12'),
(64, 16, '_thumbnail_id', '12'),
(67, 17, '_thumbnail_id', '12'),
(80, 27, '_menu_item_type', 'taxonomy'),
(81, 27, '_menu_item_menu_item_parent', '29'),
(82, 27, '_menu_item_object_id', '1'),
(83, 27, '_menu_item_object', 'category'),
(84, 27, '_menu_item_target', ''),
(85, 27, '_menu_item_classes', 'a:1:{i:0;s:0:\"\";}'),
(86, 27, '_menu_item_xfn', ''),
(87, 27, '_menu_item_url', ''),
(89, 28, '_menu_item_type', 'taxonomy'),
(90, 28, '_menu_item_menu_item_parent', '29'),
(91, 28, '_menu_item_object_id', '3'),
(92, 28, '_menu_item_object', 'category'),
(93, 28, '_menu_item_target', ''),
(94, 28, '_menu_item_classes', 'a:1:{i:0;s:0:\"\";}'),
(95, 28, '_menu_item_xfn', ''),
(96, 28, '_menu_item_url', ''),
(98, 29, '_menu_item_type', 'custom'),
(99, 29, '_menu_item_menu_item_parent', '0'),
(100, 29, '_menu_item_object_id', '29'),
(101, 29, '_menu_item_object', 'custom'),
(102, 29, '_menu_item_target', ''),
(103, 29, '_menu_item_classes', 'a:1:{i:0;s:0:\"\";}'),
(104, 29, '_menu_item_xfn', ''),
(105, 29, '_menu_item_url', 'http://www.aapgsuez.net/Scientific%20Articles/'),
(107, 17, '_edit_last', '1'),
(110, 16, '_edit_last', '1'),
(113, 15, '_edit_last', '1'),
(116, 11, '_edit_last', '1'),
(117, 11, '_pingme', '1'),
(118, 11, '_encloseme', '1'),
(119, 17, '_wp_trash_meta_status', 'publish'),
(120, 17, '_wp_trash_meta_time', '1584118230'),
(121, 17, '_wp_desired_post_slug', 'articletitle-2'),
(122, 16, '_wp_trash_meta_status', 'publish'),
(123, 16, '_wp_trash_meta_time', '1584118234'),
(124, 16, '_wp_desired_post_slug', 'articletitle'),
(125, 15, '_wp_trash_meta_status', 'publish'),
(126, 15, '_wp_trash_meta_time', '1584118237'),
(127, 15, '_wp_desired_post_slug', 'title-title-article'),
(128, 11, '_wp_trash_meta_status', 'publish'),
(129, 11, '_wp_trash_meta_time', '1584118239'),
(130, 11, '_wp_desired_post_slug', 'title-article'),
(131, 31, '_edit_lock', '1584118527:1'),
(132, 31, '_wp_trash_meta_status', 'draft'),
(133, 31, '_wp_trash_meta_time', '1584118677'),
(134, 31, '_wp_desired_post_slug', ''),
(136, 34, '_edit_lock', '1584121928:2'),
(137, 35, '_wp_attached_file', '2020/03/Capture.jpg'),
(138, 35, '_wp_attachment_metadata', 'a:5:{s:5:\"width\";i:492;s:6:\"height\";i:312;s:4:\"file\";s:19:\"2020/03/Capture.jpg\";s:5:\"sizes\";a:2:{s:6:\"medium\";a:4:{s:4:\"file\";s:19:\"Capture-300x190.jpg\";s:5:\"width\";i:300;s:6:\"height\";i:190;s:9:\"mime-type\";s:10:\"image/jpeg\";}s:9:\"thumbnail\";a:4:{s:4:\"file\";s:19:\"Capture-150x150.jpg\";s:5:\"width\";i:150;s:6:\"height\";i:150;s:9:\"mime-type\";s:10:\"image/jpeg\";}}s:10:\"image_meta\";a:12:{s:8:\"aperture\";s:1:\"0\";s:6:\"credit\";s:0:\"\";s:6:\"camera\";s:0:\"\";s:7:\"caption\";s:0:\"\";s:17:\"created_timestamp\";s:1:\"0\";s:9:\"copyright\";s:0:\"\";s:12:\"focal_length\";s:1:\"0\";s:3:\"iso\";s:1:\"0\";s:13:\"shutter_speed\";s:1:\"0\";s:5:\"title\";s:0:\"\";s:11:\"orientation\";s:1:\"1\";s:8:\"keywords\";a:0:{}}}'),
(139, 36, '_wp_attached_file', '2020/03/Capture2.jpg'),
(140, 36, '_wp_attachment_metadata', 'a:5:{s:5:\"width\";i:462;s:6:\"height\";i:391;s:4:\"file\";s:20:\"2020/03/Capture2.jpg\";s:5:\"sizes\";a:2:{s:6:\"medium\";a:4:{s:4:\"file\";s:20:\"Capture2-300x254.jpg\";s:5:\"width\";i:300;s:6:\"height\";i:254;s:9:\"mime-type\";s:10:\"image/jpeg\";}s:9:\"thumbnail\";a:4:{s:4:\"file\";s:20:\"Capture2-150x150.jpg\";s:5:\"width\";i:150;s:6:\"height\";i:150;s:9:\"mime-type\";s:10:\"image/jpeg\";}}s:10:\"image_meta\";a:12:{s:8:\"aperture\";s:1:\"0\";s:6:\"credit\";s:0:\"\";s:6:\"camera\";s:0:\"\";s:7:\"caption\";s:0:\"\";s:17:\"created_timestamp\";s:1:\"0\";s:9:\"copyright\";s:0:\"\";s:12:\"focal_length\";s:1:\"0\";s:3:\"iso\";s:1:\"0\";s:13:\"shutter_speed\";s:1:\"0\";s:5:\"title\";s:0:\"\";s:11:\"orientation\";s:1:\"1\";s:8:\"keywords\";a:0:{}}}'),
(141, 37, '_wp_attached_file', '2020/03/1.jpg'),
(142, 37, '_wp_attachment_metadata', 'a:5:{s:5:\"width\";i:770;s:6:\"height\";i:330;s:4:\"file\";s:13:\"2020/03/1.jpg\";s:5:\"sizes\";a:3:{s:6:\"medium\";a:4:{s:4:\"file\";s:13:\"1-300x129.jpg\";s:5:\"width\";i:300;s:6:\"height\";i:129;s:9:\"mime-type\";s:10:\"image/jpeg\";}s:9:\"thumbnail\";a:4:{s:4:\"file\";s:13:\"1-150x150.jpg\";s:5:\"width\";i:150;s:6:\"height\";i:150;s:9:\"mime-type\";s:10:\"image/jpeg\";}s:12:\"medium_large\";a:4:{s:4:\"file\";s:13:\"1-768x329.jpg\";s:5:\"width\";i:768;s:6:\"height\";i:329;s:9:\"mime-type\";s:10:\"image/jpeg\";}}s:10:\"image_meta\";a:12:{s:8:\"aperture\";s:1:\"0\";s:6:\"credit\";s:0:\"\";s:6:\"camera\";s:0:\"\";s:7:\"caption\";s:0:\"\";s:17:\"created_timestamp\";s:1:\"0\";s:9:\"copyright\";s:0:\"\";s:12:\"focal_length\";s:1:\"0\";s:3:\"iso\";s:1:\"0\";s:13:\"shutter_speed\";s:1:\"0\";s:5:\"title\";s:0:\"\";s:11:\"orientation\";s:1:\"1\";s:8:\"keywords\";a:0:{}}}'),
(143, 38, '_wp_attached_file', '2020/03/1-1.jpg'),
(144, 38, '_wp_attachment_metadata', 'a:5:{s:5:\"width\";i:770;s:6:\"height\";i:330;s:4:\"file\";s:15:\"2020/03/1-1.jpg\";s:5:\"sizes\";a:3:{s:6:\"medium\";a:4:{s:4:\"file\";s:15:\"1-1-300x129.jpg\";s:5:\"width\";i:300;s:6:\"height\";i:129;s:9:\"mime-type\";s:10:\"image/jpeg\";}s:9:\"thumbnail\";a:4:{s:4:\"file\";s:15:\"1-1-150x150.jpg\";s:5:\"width\";i:150;s:6:\"height\";i:150;s:9:\"mime-type\";s:10:\"image/jpeg\";}s:12:\"medium_large\";a:4:{s:4:\"file\";s:15:\"1-1-768x329.jpg\";s:5:\"width\";i:768;s:6:\"height\";i:329;s:9:\"mime-type\";s:10:\"image/jpeg\";}}s:10:\"image_meta\";a:12:{s:8:\"aperture\";s:1:\"0\";s:6:\"credit\";s:0:\"\";s:6:\"camera\";s:0:\"\";s:7:\"caption\";s:0:\"\";s:17:\"created_timestamp\";s:1:\"0\";s:9:\"copyright\";s:0:\"\";s:12:\"focal_length\";s:1:\"0\";s:3:\"iso\";s:1:\"0\";s:13:\"shutter_speed\";s:1:\"0\";s:5:\"title\";s:0:\"\";s:11:\"orientation\";s:1:\"1\";s:8:\"keywords\";a:0:{}}}'),
(145, 39, '_wp_attached_file', '2020/03/2.jpg'),
(146, 39, '_wp_attachment_metadata', 'a:5:{s:5:\"width\";i:770;s:6:\"height\";i:330;s:4:\"file\";s:13:\"2020/03/2.jpg\";s:5:\"sizes\";a:3:{s:6:\"medium\";a:4:{s:4:\"file\";s:13:\"2-300x129.jpg\";s:5:\"width\";i:300;s:6:\"height\";i:129;s:9:\"mime-type\";s:10:\"image/jpeg\";}s:9:\"thumbnail\";a:4:{s:4:\"file\";s:13:\"2-150x150.jpg\";s:5:\"width\";i:150;s:6:\"height\";i:150;s:9:\"mime-type\";s:10:\"image/jpeg\";}s:12:\"medium_large\";a:4:{s:4:\"file\";s:13:\"2-768x329.jpg\";s:5:\"width\";i:768;s:6:\"height\";i:329;s:9:\"mime-type\";s:10:\"image/jpeg\";}}s:10:\"image_meta\";a:12:{s:8:\"aperture\";s:1:\"0\";s:6:\"credit\";s:0:\"\";s:6:\"camera\";s:0:\"\";s:7:\"caption\";s:0:\"\";s:17:\"created_timestamp\";s:1:\"0\";s:9:\"copyright\";s:0:\"\";s:12:\"focal_length\";s:1:\"0\";s:3:\"iso\";s:1:\"0\";s:13:\"shutter_speed\";s:1:\"0\";s:5:\"title\";s:0:\"\";s:11:\"orientation\";s:1:\"1\";s:8:\"keywords\";a:0:{}}}'),
(147, 40, '_wp_attached_file', '2020/03/3.jpg'),
(148, 40, '_wp_attachment_metadata', 'a:5:{s:5:\"width\";i:770;s:6:\"height\";i:330;s:4:\"file\";s:13:\"2020/03/3.jpg\";s:5:\"sizes\";a:3:{s:6:\"medium\";a:4:{s:4:\"file\";s:13:\"3-300x129.jpg\";s:5:\"width\";i:300;s:6:\"height\";i:129;s:9:\"mime-type\";s:10:\"image/jpeg\";}s:9:\"thumbnail\";a:4:{s:4:\"file\";s:13:\"3-150x150.jpg\";s:5:\"width\";i:150;s:6:\"height\";i:150;s:9:\"mime-type\";s:10:\"image/jpeg\";}s:12:\"medium_large\";a:4:{s:4:\"file\";s:13:\"3-768x329.jpg\";s:5:\"width\";i:768;s:6:\"height\";i:329;s:9:\"mime-type\";s:10:\"image/jpeg\";}}s:10:\"image_meta\";a:12:{s:8:\"aperture\";s:1:\"0\";s:6:\"credit\";s:0:\"\";s:6:\"camera\";s:0:\"\";s:7:\"caption\";s:0:\"\";s:17:\"created_timestamp\";s:1:\"0\";s:9:\"copyright\";s:0:\"\";s:12:\"focal_length\";s:1:\"0\";s:3:\"iso\";s:1:\"0\";s:13:\"shutter_speed\";s:1:\"0\";s:5:\"title\";s:0:\"\";s:11:\"orientation\";s:1:\"1\";s:8:\"keywords\";a:0:{}}}'),
(149, 41, '_wp_attached_file', '2020/03/4.jpg'),
(150, 41, '_wp_attachment_metadata', 'a:5:{s:5:\"width\";i:770;s:6:\"height\";i:330;s:4:\"file\";s:13:\"2020/03/4.jpg\";s:5:\"sizes\";a:3:{s:6:\"medium\";a:4:{s:4:\"file\";s:13:\"4-300x129.jpg\";s:5:\"width\";i:300;s:6:\"height\";i:129;s:9:\"mime-type\";s:10:\"image/jpeg\";}s:9:\"thumbnail\";a:4:{s:4:\"file\";s:13:\"4-150x150.jpg\";s:5:\"width\";i:150;s:6:\"height\";i:150;s:9:\"mime-type\";s:10:\"image/jpeg\";}s:12:\"medium_large\";a:4:{s:4:\"file\";s:13:\"4-768x329.jpg\";s:5:\"width\";i:768;s:6:\"height\";i:329;s:9:\"mime-type\";s:10:\"image/jpeg\";}}s:10:\"image_meta\";a:12:{s:8:\"aperture\";s:1:\"0\";s:6:\"credit\";s:0:\"\";s:6:\"camera\";s:0:\"\";s:7:\"caption\";s:0:\"\";s:17:\"created_timestamp\";s:1:\"0\";s:9:\"copyright\";s:0:\"\";s:12:\"focal_length\";s:1:\"0\";s:3:\"iso\";s:1:\"0\";s:13:\"shutter_speed\";s:1:\"0\";s:5:\"title\";s:0:\"\";s:11:\"orientation\";s:1:\"1\";s:8:\"keywords\";a:0:{}}}'),
(151, 42, '_wp_attached_file', '2020/03/5.jpg'),
(152, 42, '_wp_attachment_metadata', 'a:5:{s:5:\"width\";i:770;s:6:\"height\";i:330;s:4:\"file\";s:13:\"2020/03/5.jpg\";s:5:\"sizes\";a:3:{s:6:\"medium\";a:4:{s:4:\"file\";s:13:\"5-300x129.jpg\";s:5:\"width\";i:300;s:6:\"height\";i:129;s:9:\"mime-type\";s:10:\"image/jpeg\";}s:9:\"thumbnail\";a:4:{s:4:\"file\";s:13:\"5-150x150.jpg\";s:5:\"width\";i:150;s:6:\"height\";i:150;s:9:\"mime-type\";s:10:\"image/jpeg\";}s:12:\"medium_large\";a:4:{s:4:\"file\";s:13:\"5-768x329.jpg\";s:5:\"width\";i:768;s:6:\"height\";i:329;s:9:\"mime-type\";s:10:\"image/jpeg\";}}s:10:\"image_meta\";a:12:{s:8:\"aperture\";s:1:\"0\";s:6:\"credit\";s:0:\"\";s:6:\"camera\";s:0:\"\";s:7:\"caption\";s:0:\"\";s:17:\"created_timestamp\";s:1:\"0\";s:9:\"copyright\";s:0:\"\";s:12:\"focal_length\";s:1:\"0\";s:3:\"iso\";s:1:\"0\";s:13:\"shutter_speed\";s:1:\"0\";s:5:\"title\";s:0:\"\";s:11:\"orientation\";s:1:\"1\";s:8:\"keywords\";a:0:{}}}'),
(153, 43, '_wp_attached_file', '2020/03/6.jpg'),
(154, 43, '_wp_attachment_metadata', 'a:5:{s:5:\"width\";i:770;s:6:\"height\";i:330;s:4:\"file\";s:13:\"2020/03/6.jpg\";s:5:\"sizes\";a:3:{s:6:\"medium\";a:4:{s:4:\"file\";s:13:\"6-300x129.jpg\";s:5:\"width\";i:300;s:6:\"height\";i:129;s:9:\"mime-type\";s:10:\"image/jpeg\";}s:9:\"thumbnail\";a:4:{s:4:\"file\";s:13:\"6-150x150.jpg\";s:5:\"width\";i:150;s:6:\"height\";i:150;s:9:\"mime-type\";s:10:\"image/jpeg\";}s:12:\"medium_large\";a:4:{s:4:\"file\";s:13:\"6-768x329.jpg\";s:5:\"width\";i:768;s:6:\"height\";i:329;s:9:\"mime-type\";s:10:\"image/jpeg\";}}s:10:\"image_meta\";a:12:{s:8:\"aperture\";s:1:\"0\";s:6:\"credit\";s:0:\"\";s:6:\"camera\";s:0:\"\";s:7:\"caption\";s:0:\"\";s:17:\"created_timestamp\";s:1:\"0\";s:9:\"copyright\";s:0:\"\";s:12:\"focal_length\";s:1:\"0\";s:3:\"iso\";s:1:\"0\";s:13:\"shutter_speed\";s:1:\"0\";s:5:\"title\";s:0:\"\";s:11:\"orientation\";s:1:\"1\";s:8:\"keywords\";a:0:{}}}'),
(155, 44, '_wp_attached_file', '2020/03/7.jpg'),
(156, 44, '_wp_attachment_metadata', 'a:5:{s:5:\"width\";i:770;s:6:\"height\";i:330;s:4:\"file\";s:13:\"2020/03/7.jpg\";s:5:\"sizes\";a:3:{s:6:\"medium\";a:4:{s:4:\"file\";s:13:\"7-300x129.jpg\";s:5:\"width\";i:300;s:6:\"height\";i:129;s:9:\"mime-type\";s:10:\"image/jpeg\";}s:9:\"thumbnail\";a:4:{s:4:\"file\";s:13:\"7-150x150.jpg\";s:5:\"width\";i:150;s:6:\"height\";i:150;s:9:\"mime-type\";s:10:\"image/jpeg\";}s:12:\"medium_large\";a:4:{s:4:\"file\";s:13:\"7-768x329.jpg\";s:5:\"width\";i:768;s:6:\"height\";i:329;s:9:\"mime-type\";s:10:\"image/jpeg\";}}s:10:\"image_meta\";a:12:{s:8:\"aperture\";s:1:\"0\";s:6:\"credit\";s:0:\"\";s:6:\"camera\";s:0:\"\";s:7:\"caption\";s:0:\"\";s:17:\"created_timestamp\";s:1:\"0\";s:9:\"copyright\";s:0:\"\";s:12:\"focal_length\";s:1:\"0\";s:3:\"iso\";s:1:\"0\";s:13:\"shutter_speed\";s:1:\"0\";s:5:\"title\";s:0:\"\";s:11:\"orientation\";s:1:\"1\";s:8:\"keywords\";a:0:{}}}'),
(157, 45, '_wp_attached_file', '2020/03/8.jpg'),
(158, 45, '_wp_attachment_metadata', 'a:5:{s:5:\"width\";i:770;s:6:\"height\";i:330;s:4:\"file\";s:13:\"2020/03/8.jpg\";s:5:\"sizes\";a:3:{s:6:\"medium\";a:4:{s:4:\"file\";s:13:\"8-300x129.jpg\";s:5:\"width\";i:300;s:6:\"height\";i:129;s:9:\"mime-type\";s:10:\"image/jpeg\";}s:9:\"thumbnail\";a:4:{s:4:\"file\";s:13:\"8-150x150.jpg\";s:5:\"width\";i:150;s:6:\"height\";i:150;s:9:\"mime-type\";s:10:\"image/jpeg\";}s:12:\"medium_large\";a:4:{s:4:\"file\";s:13:\"8-768x329.jpg\";s:5:\"width\";i:768;s:6:\"height\";i:329;s:9:\"mime-type\";s:10:\"image/jpeg\";}}s:10:\"image_meta\";a:12:{s:8:\"aperture\";s:1:\"0\";s:6:\"credit\";s:0:\"\";s:6:\"camera\";s:0:\"\";s:7:\"caption\";s:0:\"\";s:17:\"created_timestamp\";s:1:\"0\";s:9:\"copyright\";s:0:\"\";s:12:\"focal_length\";s:1:\"0\";s:3:\"iso\";s:1:\"0\";s:13:\"shutter_speed\";s:1:\"0\";s:5:\"title\";s:0:\"\";s:11:\"orientation\";s:1:\"1\";s:8:\"keywords\";a:0:{}}}'),
(159, 46, '_wp_attached_file', '2020/03/9.jpg'),
(160, 46, '_wp_attachment_metadata', 'a:5:{s:5:\"width\";i:770;s:6:\"height\";i:330;s:4:\"file\";s:13:\"2020/03/9.jpg\";s:5:\"sizes\";a:3:{s:6:\"medium\";a:4:{s:4:\"file\";s:13:\"9-300x129.jpg\";s:5:\"width\";i:300;s:6:\"height\";i:129;s:9:\"mime-type\";s:10:\"image/jpeg\";}s:9:\"thumbnail\";a:4:{s:4:\"file\";s:13:\"9-150x150.jpg\";s:5:\"width\";i:150;s:6:\"height\";i:150;s:9:\"mime-type\";s:10:\"image/jpeg\";}s:12:\"medium_large\";a:4:{s:4:\"file\";s:13:\"9-768x329.jpg\";s:5:\"width\";i:768;s:6:\"height\";i:329;s:9:\"mime-type\";s:10:\"image/jpeg\";}}s:10:\"image_meta\";a:12:{s:8:\"aperture\";s:1:\"0\";s:6:\"credit\";s:0:\"\";s:6:\"camera\";s:0:\"\";s:7:\"caption\";s:0:\"\";s:17:\"created_timestamp\";s:1:\"0\";s:9:\"copyright\";s:0:\"\";s:12:\"focal_length\";s:1:\"0\";s:3:\"iso\";s:1:\"0\";s:13:\"shutter_speed\";s:1:\"0\";s:5:\"title\";s:0:\"\";s:11:\"orientation\";s:1:\"1\";s:8:\"keywords\";a:0:{}}}'),
(161, 47, '_wp_attached_file', '2020/03/10.jpg'),
(162, 47, '_wp_attachment_metadata', 'a:5:{s:5:\"width\";i:770;s:6:\"height\";i:330;s:4:\"file\";s:14:\"2020/03/10.jpg\";s:5:\"sizes\";a:3:{s:6:\"medium\";a:4:{s:4:\"file\";s:14:\"10-300x129.jpg\";s:5:\"width\";i:300;s:6:\"height\";i:129;s:9:\"mime-type\";s:10:\"image/jpeg\";}s:9:\"thumbnail\";a:4:{s:4:\"file\";s:14:\"10-150x150.jpg\";s:5:\"width\";i:150;s:6:\"height\";i:150;s:9:\"mime-type\";s:10:\"image/jpeg\";}s:12:\"medium_large\";a:4:{s:4:\"file\";s:14:\"10-768x329.jpg\";s:5:\"width\";i:768;s:6:\"height\";i:329;s:9:\"mime-type\";s:10:\"image/jpeg\";}}s:10:\"image_meta\";a:12:{s:8:\"aperture\";s:1:\"0\";s:6:\"credit\";s:0:\"\";s:6:\"camera\";s:0:\"\";s:7:\"caption\";s:0:\"\";s:17:\"created_timestamp\";s:1:\"0\";s:9:\"copyright\";s:0:\"\";s:12:\"focal_length\";s:1:\"0\";s:3:\"iso\";s:1:\"0\";s:13:\"shutter_speed\";s:1:\"0\";s:5:\"title\";s:0:\"\";s:11:\"orientation\";s:1:\"1\";s:8:\"keywords\";a:0:{}}}'),
(163, 48, '_wp_attached_file', '2020/03/11.jpg'),
(164, 48, '_wp_attachment_metadata', 'a:5:{s:5:\"width\";i:770;s:6:\"height\";i:330;s:4:\"file\";s:14:\"2020/03/11.jpg\";s:5:\"sizes\";a:3:{s:6:\"medium\";a:4:{s:4:\"file\";s:14:\"11-300x129.jpg\";s:5:\"width\";i:300;s:6:\"height\";i:129;s:9:\"mime-type\";s:10:\"image/jpeg\";}s:9:\"thumbnail\";a:4:{s:4:\"file\";s:14:\"11-150x150.jpg\";s:5:\"width\";i:150;s:6:\"height\";i:150;s:9:\"mime-type\";s:10:\"image/jpeg\";}s:12:\"medium_large\";a:4:{s:4:\"file\";s:14:\"11-768x329.jpg\";s:5:\"width\";i:768;s:6:\"height\";i:329;s:9:\"mime-type\";s:10:\"image/jpeg\";}}s:10:\"image_meta\";a:12:{s:8:\"aperture\";s:1:\"0\";s:6:\"credit\";s:0:\"\";s:6:\"camera\";s:0:\"\";s:7:\"caption\";s:0:\"\";s:17:\"created_timestamp\";s:1:\"0\";s:9:\"copyright\";s:0:\"\";s:12:\"focal_length\";s:1:\"0\";s:3:\"iso\";s:1:\"0\";s:13:\"shutter_speed\";s:1:\"0\";s:5:\"title\";s:0:\"\";s:11:\"orientation\";s:1:\"1\";s:8:\"keywords\";a:0:{}}}'),
(165, 49, '_wp_attached_file', '2020/03/12.jpg'),
(166, 49, '_wp_attachment_metadata', 'a:5:{s:5:\"width\";i:770;s:6:\"height\";i:330;s:4:\"file\";s:14:\"2020/03/12.jpg\";s:5:\"sizes\";a:3:{s:6:\"medium\";a:4:{s:4:\"file\";s:14:\"12-300x129.jpg\";s:5:\"width\";i:300;s:6:\"height\";i:129;s:9:\"mime-type\";s:10:\"image/jpeg\";}s:9:\"thumbnail\";a:4:{s:4:\"file\";s:14:\"12-150x150.jpg\";s:5:\"width\";i:150;s:6:\"height\";i:150;s:9:\"mime-type\";s:10:\"image/jpeg\";}s:12:\"medium_large\";a:4:{s:4:\"file\";s:14:\"12-768x329.jpg\";s:5:\"width\";i:768;s:6:\"height\";i:329;s:9:\"mime-type\";s:10:\"image/jpeg\";}}s:10:\"image_meta\";a:12:{s:8:\"aperture\";s:1:\"0\";s:6:\"credit\";s:0:\"\";s:6:\"camera\";s:0:\"\";s:7:\"caption\";s:0:\"\";s:17:\"created_timestamp\";s:1:\"0\";s:9:\"copyright\";s:0:\"\";s:12:\"focal_length\";s:1:\"0\";s:3:\"iso\";s:1:\"0\";s:13:\"shutter_speed\";s:1:\"0\";s:5:\"title\";s:0:\"\";s:11:\"orientation\";s:1:\"1\";s:8:\"keywords\";a:0:{}}}'),
(167, 50, '_wp_attached_file', '2020/03/13.jpg'),
(168, 50, '_wp_attachment_metadata', 'a:5:{s:5:\"width\";i:770;s:6:\"height\";i:330;s:4:\"file\";s:14:\"2020/03/13.jpg\";s:5:\"sizes\";a:3:{s:6:\"medium\";a:4:{s:4:\"file\";s:14:\"13-300x129.jpg\";s:5:\"width\";i:300;s:6:\"height\";i:129;s:9:\"mime-type\";s:10:\"image/jpeg\";}s:9:\"thumbnail\";a:4:{s:4:\"file\";s:14:\"13-150x150.jpg\";s:5:\"width\";i:150;s:6:\"height\";i:150;s:9:\"mime-type\";s:10:\"image/jpeg\";}s:12:\"medium_large\";a:4:{s:4:\"file\";s:14:\"13-768x329.jpg\";s:5:\"width\";i:768;s:6:\"height\";i:329;s:9:\"mime-type\";s:10:\"image/jpeg\";}}s:10:\"image_meta\";a:12:{s:8:\"aperture\";s:1:\"0\";s:6:\"credit\";s:0:\"\";s:6:\"camera\";s:0:\"\";s:7:\"caption\";s:0:\"\";s:17:\"created_timestamp\";s:1:\"0\";s:9:\"copyright\";s:0:\"\";s:12:\"focal_length\";s:1:\"0\";s:3:\"iso\";s:1:\"0\";s:13:\"shutter_speed\";s:1:\"0\";s:5:\"title\";s:0:\"\";s:11:\"orientation\";s:1:\"1\";s:8:\"keywords\";a:0:{}}}'),
(169, 51, '_wp_attached_file', '2020/03/14.jpg'),
(170, 51, '_wp_attachment_metadata', 'a:5:{s:5:\"width\";i:770;s:6:\"height\";i:330;s:4:\"file\";s:14:\"2020/03/14.jpg\";s:5:\"sizes\";a:3:{s:6:\"medium\";a:4:{s:4:\"file\";s:14:\"14-300x129.jpg\";s:5:\"width\";i:300;s:6:\"height\";i:129;s:9:\"mime-type\";s:10:\"image/jpeg\";}s:9:\"thumbnail\";a:4:{s:4:\"file\";s:14:\"14-150x150.jpg\";s:5:\"width\";i:150;s:6:\"height\";i:150;s:9:\"mime-type\";s:10:\"image/jpeg\";}s:12:\"medium_large\";a:4:{s:4:\"file\";s:14:\"14-768x329.jpg\";s:5:\"width\";i:768;s:6:\"height\";i:329;s:9:\"mime-type\";s:10:\"image/jpeg\";}}s:10:\"image_meta\";a:12:{s:8:\"aperture\";s:1:\"0\";s:6:\"credit\";s:0:\"\";s:6:\"camera\";s:0:\"\";s:7:\"caption\";s:0:\"\";s:17:\"created_timestamp\";s:1:\"0\";s:9:\"copyright\";s:0:\"\";s:12:\"focal_length\";s:1:\"0\";s:3:\"iso\";s:1:\"0\";s:13:\"shutter_speed\";s:1:\"0\";s:5:\"title\";s:0:\"\";s:11:\"orientation\";s:1:\"1\";s:8:\"keywords\";a:0:{}}}'),
(171, 52, '_wp_attached_file', '2020/03/15.jpg'),
(172, 52, '_wp_attachment_metadata', 'a:5:{s:5:\"width\";i:770;s:6:\"height\";i:330;s:4:\"file\";s:14:\"2020/03/15.jpg\";s:5:\"sizes\";a:3:{s:6:\"medium\";a:4:{s:4:\"file\";s:14:\"15-300x129.jpg\";s:5:\"width\";i:300;s:6:\"height\";i:129;s:9:\"mime-type\";s:10:\"image/jpeg\";}s:9:\"thumbnail\";a:4:{s:4:\"file\";s:14:\"15-150x150.jpg\";s:5:\"width\";i:150;s:6:\"height\";i:150;s:9:\"mime-type\";s:10:\"image/jpeg\";}s:12:\"medium_large\";a:4:{s:4:\"file\";s:14:\"15-768x329.jpg\";s:5:\"width\";i:768;s:6:\"height\";i:329;s:9:\"mime-type\";s:10:\"image/jpeg\";}}s:10:\"image_meta\";a:12:{s:8:\"aperture\";s:1:\"0\";s:6:\"credit\";s:0:\"\";s:6:\"camera\";s:0:\"\";s:7:\"caption\";s:0:\"\";s:17:\"created_timestamp\";s:1:\"0\";s:9:\"copyright\";s:0:\"\";s:12:\"focal_length\";s:1:\"0\";s:3:\"iso\";s:1:\"0\";s:13:\"shutter_speed\";s:1:\"0\";s:5:\"title\";s:0:\"\";s:11:\"orientation\";s:1:\"1\";s:8:\"keywords\";a:0:{}}}'),
(173, 53, '_wp_attached_file', '2020/03/16.jpg'),
(174, 53, '_wp_attachment_metadata', 'a:5:{s:5:\"width\";i:770;s:6:\"height\";i:330;s:4:\"file\";s:14:\"2020/03/16.jpg\";s:5:\"sizes\";a:3:{s:6:\"medium\";a:4:{s:4:\"file\";s:14:\"16-300x129.jpg\";s:5:\"width\";i:300;s:6:\"height\";i:129;s:9:\"mime-type\";s:10:\"image/jpeg\";}s:9:\"thumbnail\";a:4:{s:4:\"file\";s:14:\"16-150x150.jpg\";s:5:\"width\";i:150;s:6:\"height\";i:150;s:9:\"mime-type\";s:10:\"image/jpeg\";}s:12:\"medium_large\";a:4:{s:4:\"file\";s:14:\"16-768x329.jpg\";s:5:\"width\";i:768;s:6:\"height\";i:329;s:9:\"mime-type\";s:10:\"image/jpeg\";}}s:10:\"image_meta\";a:12:{s:8:\"aperture\";s:1:\"0\";s:6:\"credit\";s:0:\"\";s:6:\"camera\";s:0:\"\";s:7:\"caption\";s:0:\"\";s:17:\"created_timestamp\";s:1:\"0\";s:9:\"copyright\";s:0:\"\";s:12:\"focal_length\";s:1:\"0\";s:3:\"iso\";s:1:\"0\";s:13:\"shutter_speed\";s:1:\"0\";s:5:\"title\";s:0:\"\";s:11:\"orientation\";s:1:\"1\";s:8:\"keywords\";a:0:{}}}'),
(175, 54, '_wp_attached_file', '2020/03/17.jpg'),
(176, 54, '_wp_attachment_metadata', 'a:5:{s:5:\"width\";i:770;s:6:\"height\";i:330;s:4:\"file\";s:14:\"2020/03/17.jpg\";s:5:\"sizes\";a:3:{s:6:\"medium\";a:4:{s:4:\"file\";s:14:\"17-300x129.jpg\";s:5:\"width\";i:300;s:6:\"height\";i:129;s:9:\"mime-type\";s:10:\"image/jpeg\";}s:9:\"thumbnail\";a:4:{s:4:\"file\";s:14:\"17-150x150.jpg\";s:5:\"width\";i:150;s:6:\"height\";i:150;s:9:\"mime-type\";s:10:\"image/jpeg\";}s:12:\"medium_large\";a:4:{s:4:\"file\";s:14:\"17-768x329.jpg\";s:5:\"width\";i:768;s:6:\"height\";i:329;s:9:\"mime-type\";s:10:\"image/jpeg\";}}s:10:\"image_meta\";a:12:{s:8:\"aperture\";s:1:\"0\";s:6:\"credit\";s:0:\"\";s:6:\"camera\";s:0:\"\";s:7:\"caption\";s:0:\"\";s:17:\"created_timestamp\";s:1:\"0\";s:9:\"copyright\";s:0:\"\";s:12:\"focal_length\";s:1:\"0\";s:3:\"iso\";s:1:\"0\";s:13:\"shutter_speed\";s:1:\"0\";s:5:\"title\";s:0:\"\";s:11:\"orientation\";s:1:\"1\";s:8:\"keywords\";a:0:{}}}'),
(177, 55, '_wp_attached_file', '2020/03/18.jpg'),
(178, 55, '_wp_attachment_metadata', 'a:5:{s:5:\"width\";i:770;s:6:\"height\";i:330;s:4:\"file\";s:14:\"2020/03/18.jpg\";s:5:\"sizes\";a:3:{s:6:\"medium\";a:4:{s:4:\"file\";s:14:\"18-300x129.jpg\";s:5:\"width\";i:300;s:6:\"height\";i:129;s:9:\"mime-type\";s:10:\"image/jpeg\";}s:9:\"thumbnail\";a:4:{s:4:\"file\";s:14:\"18-150x150.jpg\";s:5:\"width\";i:150;s:6:\"height\";i:150;s:9:\"mime-type\";s:10:\"image/jpeg\";}s:12:\"medium_large\";a:4:{s:4:\"file\";s:14:\"18-768x329.jpg\";s:5:\"width\";i:768;s:6:\"height\";i:329;s:9:\"mime-type\";s:10:\"image/jpeg\";}}s:10:\"image_meta\";a:12:{s:8:\"aperture\";s:1:\"0\";s:6:\"credit\";s:0:\"\";s:6:\"camera\";s:0:\"\";s:7:\"caption\";s:0:\"\";s:17:\"created_timestamp\";s:1:\"0\";s:9:\"copyright\";s:0:\"\";s:12:\"focal_length\";s:1:\"0\";s:3:\"iso\";s:1:\"0\";s:13:\"shutter_speed\";s:1:\"0\";s:5:\"title\";s:0:\"\";s:11:\"orientation\";s:1:\"1\";s:8:\"keywords\";a:0:{}}}'),
(181, 34, '_thumbnail_id', '41'),
(187, 60, '_edit_lock', '1584210877:1'),
(192, 63, '_wp_attached_file', '2020/03/angular-unconformity.png'),
(193, 63, '_wp_attachment_metadata', 'a:5:{s:5:\"width\";i:503;s:6:\"height\";i:384;s:4:\"file\";s:32:\"2020/03/angular-unconformity.png\";s:5:\"sizes\";a:2:{s:6:\"medium\";a:4:{s:4:\"file\";s:32:\"angular-unconformity-300x229.png\";s:5:\"width\";i:300;s:6:\"height\";i:229;s:9:\"mime-type\";s:9:\"image/png\";}s:9:\"thumbnail\";a:4:{s:4:\"file\";s:32:\"angular-unconformity-150x150.png\";s:5:\"width\";i:150;s:6:\"height\";i:150;s:9:\"mime-type\";s:9:\"image/png\";}}s:10:\"image_meta\";a:12:{s:8:\"aperture\";s:1:\"0\";s:6:\"credit\";s:0:\"\";s:6:\"camera\";s:0:\"\";s:7:\"caption\";s:0:\"\";s:17:\"created_timestamp\";s:1:\"0\";s:9:\"copyright\";s:0:\"\";s:12:\"focal_length\";s:1:\"0\";s:3:\"iso\";s:1:\"0\";s:13:\"shutter_speed\";s:1:\"0\";s:5:\"title\";s:0:\"\";s:11:\"orientation\";s:1:\"0\";s:8:\"keywords\";a:0:{}}}'),
(194, 64, '_wp_attached_file', '2020/03/homoclines.jpg'),
(195, 64, '_wp_attachment_metadata', 'a:5:{s:5:\"width\";i:1037;s:6:\"height\";i:563;s:4:\"file\";s:22:\"2020/03/homoclines.jpg\";s:5:\"sizes\";a:4:{s:6:\"medium\";a:4:{s:4:\"file\";s:22:\"homoclines-300x163.jpg\";s:5:\"width\";i:300;s:6:\"height\";i:163;s:9:\"mime-type\";s:10:\"image/jpeg\";}s:5:\"large\";a:4:{s:4:\"file\";s:23:\"homoclines-1024x556.jpg\";s:5:\"width\";i:1024;s:6:\"height\";i:556;s:9:\"mime-type\";s:10:\"image/jpeg\";}s:9:\"thumbnail\";a:4:{s:4:\"file\";s:22:\"homoclines-150x150.jpg\";s:5:\"width\";i:150;s:6:\"height\";i:150;s:9:\"mime-type\";s:10:\"image/jpeg\";}s:12:\"medium_large\";a:4:{s:4:\"file\";s:22:\"homoclines-768x417.jpg\";s:5:\"width\";i:768;s:6:\"height\";i:417;s:9:\"mime-type\";s:10:\"image/jpeg\";}}s:10:\"image_meta\";a:12:{s:8:\"aperture\";s:1:\"0\";s:6:\"credit\";s:0:\"\";s:6:\"camera\";s:0:\"\";s:7:\"caption\";s:0:\"\";s:17:\"created_timestamp\";s:1:\"0\";s:9:\"copyright\";s:0:\"\";s:12:\"focal_length\";s:1:\"0\";s:3:\"iso\";s:1:\"0\";s:13:\"shutter_speed\";s:1:\"0\";s:5:\"title\";s:0:\"\";s:11:\"orientation\";s:1:\"1\";s:8:\"keywords\";a:0:{}}}'),
(196, 65, '_wp_attached_file', '2020/03/domes-and-basins.jpg'),
(197, 65, '_wp_attachment_metadata', 'a:5:{s:5:\"width\";i:1033;s:6:\"height\";i:266;s:4:\"file\";s:28:\"2020/03/domes-and-basins.jpg\";s:5:\"sizes\";a:4:{s:6:\"medium\";a:4:{s:4:\"file\";s:27:\"domes-and-basins-300x77.jpg\";s:5:\"width\";i:300;s:6:\"height\";i:77;s:9:\"mime-type\";s:10:\"image/jpeg\";}s:5:\"large\";a:4:{s:4:\"file\";s:29:\"domes-and-basins-1024x264.jpg\";s:5:\"width\";i:1024;s:6:\"height\";i:264;s:9:\"mime-type\";s:10:\"image/jpeg\";}s:9:\"thumbnail\";a:4:{s:4:\"file\";s:28:\"domes-and-basins-150x150.jpg\";s:5:\"width\";i:150;s:6:\"height\";i:150;s:9:\"mime-type\";s:10:\"image/jpeg\";}s:12:\"medium_large\";a:4:{s:4:\"file\";s:28:\"domes-and-basins-768x198.jpg\";s:5:\"width\";i:768;s:6:\"height\";i:198;s:9:\"mime-type\";s:10:\"image/jpeg\";}}s:10:\"image_meta\";a:12:{s:8:\"aperture\";s:1:\"0\";s:6:\"credit\";s:0:\"\";s:6:\"camera\";s:0:\"\";s:7:\"caption\";s:0:\"\";s:17:\"created_timestamp\";s:1:\"0\";s:9:\"copyright\";s:0:\"\";s:12:\"focal_length\";s:1:\"0\";s:3:\"iso\";s:1:\"0\";s:13:\"shutter_speed\";s:1:\"0\";s:5:\"title\";s:0:\"\";s:11:\"orientation\";s:1:\"1\";s:8:\"keywords\";a:0:{}}}'),
(198, 66, '_edit_lock', '1584141090:1'),
(199, 67, '_wp_attached_file', '2020/03/joints.jpg'),
(200, 67, '_wp_attachment_metadata', 'a:5:{s:5:\"width\";i:259;s:6:\"height\";i:194;s:4:\"file\";s:18:\"2020/03/joints.jpg\";s:5:\"sizes\";a:1:{s:9:\"thumbnail\";a:4:{s:4:\"file\";s:18:\"joints-150x150.jpg\";s:5:\"width\";i:150;s:6:\"height\";i:150;s:9:\"mime-type\";s:10:\"image/jpeg\";}}s:10:\"image_meta\";a:12:{s:8:\"aperture\";s:1:\"0\";s:6:\"credit\";s:0:\"\";s:6:\"camera\";s:0:\"\";s:7:\"caption\";s:0:\"\";s:17:\"created_timestamp\";s:1:\"0\";s:9:\"copyright\";s:0:\"\";s:12:\"focal_length\";s:1:\"0\";s:3:\"iso\";s:1:\"0\";s:13:\"shutter_speed\";s:1:\"0\";s:5:\"title\";s:0:\"\";s:11:\"orientation\";s:1:\"0\";s:8:\"keywords\";a:0:{}}}'),
(201, 50, '_wp_attachment_image_alt', 'HSE Intro'),
(202, 68, '_wp_attached_file', '2020/03/faults.jpg'),
(203, 68, '_wp_attachment_metadata', 'a:5:{s:5:\"width\";i:534;s:6:\"height\";i:684;s:4:\"file\";s:18:\"2020/03/faults.jpg\";s:5:\"sizes\";a:2:{s:6:\"medium\";a:4:{s:4:\"file\";s:18:\"faults-234x300.jpg\";s:5:\"width\";i:234;s:6:\"height\";i:300;s:9:\"mime-type\";s:10:\"image/jpeg\";}s:9:\"thumbnail\";a:4:{s:4:\"file\";s:18:\"faults-150x150.jpg\";s:5:\"width\";i:150;s:6:\"height\";i:150;s:9:\"mime-type\";s:10:\"image/jpeg\";}}s:10:\"image_meta\";a:12:{s:8:\"aperture\";s:1:\"0\";s:6:\"credit\";s:0:\"\";s:6:\"camera\";s:0:\"\";s:7:\"caption\";s:0:\"\";s:17:\"created_timestamp\";s:1:\"0\";s:9:\"copyright\";s:0:\"\";s:12:\"focal_length\";s:1:\"0\";s:3:\"iso\";s:1:\"0\";s:13:\"shutter_speed\";s:1:\"0\";s:5:\"title\";s:0:\"\";s:11:\"orientation\";s:1:\"1\";s:8:\"keywords\";a:0:{}}}'),
(204, 69, '_wp_attached_file', '2020/03/blowout.jpg'),
(205, 69, '_wp_attachment_metadata', 'a:5:{s:5:\"width\";i:494;s:6:\"height\";i:359;s:4:\"file\";s:19:\"2020/03/blowout.jpg\";s:5:\"sizes\";a:2:{s:6:\"medium\";a:4:{s:4:\"file\";s:19:\"blowout-300x218.jpg\";s:5:\"width\";i:300;s:6:\"height\";i:218;s:9:\"mime-type\";s:10:\"image/jpeg\";}s:9:\"thumbnail\";a:4:{s:4:\"file\";s:19:\"blowout-150x150.jpg\";s:5:\"width\";i:150;s:6:\"height\";i:150;s:9:\"mime-type\";s:10:\"image/jpeg\";}}s:10:\"image_meta\";a:12:{s:8:\"aperture\";s:1:\"0\";s:6:\"credit\";s:0:\"\";s:6:\"camera\";s:0:\"\";s:7:\"caption\";s:0:\"\";s:17:\"created_timestamp\";s:1:\"0\";s:9:\"copyright\";s:0:\"\";s:12:\"focal_length\";s:1:\"0\";s:3:\"iso\";s:1:\"0\";s:13:\"shutter_speed\";s:1:\"0\";s:5:\"title\";s:0:\"\";s:11:\"orientation\";s:1:\"1\";s:8:\"keywords\";a:0:{}}}'),
(208, 60, '_thumbnail_id', '46'),
(209, 66, '_thumbnail_id', '50'),
(210, 72, '_edit_lock', '1584123457:2'),
(211, 73, '_wp_attached_file', '2020/03/hazard.jpg'),
(212, 73, '_wp_attachment_metadata', 'a:5:{s:5:\"width\";i:387;s:6:\"height\";i:326;s:4:\"file\";s:18:\"2020/03/hazard.jpg\";s:5:\"sizes\";a:2:{s:6:\"medium\";a:4:{s:4:\"file\";s:18:\"hazard-300x253.jpg\";s:5:\"width\";i:300;s:6:\"height\";i:253;s:9:\"mime-type\";s:10:\"image/jpeg\";}s:9:\"thumbnail\";a:4:{s:4:\"file\";s:18:\"hazard-150x150.jpg\";s:5:\"width\";i:150;s:6:\"height\";i:150;s:9:\"mime-type\";s:10:\"image/jpeg\";}}s:10:\"image_meta\";a:12:{s:8:\"aperture\";s:1:\"0\";s:6:\"credit\";s:0:\"\";s:6:\"camera\";s:0:\"\";s:7:\"caption\";s:0:\"\";s:17:\"created_timestamp\";s:1:\"0\";s:9:\"copyright\";s:0:\"\";s:12:\"focal_length\";s:1:\"0\";s:3:\"iso\";s:1:\"0\";s:13:\"shutter_speed\";s:1:\"0\";s:5:\"title\";s:0:\"\";s:11:\"orientation\";s:1:\"1\";s:8:\"keywords\";a:0:{}}}'),
(213, 74, '_wp_attached_file', '2020/03/risk.jpg'),
(214, 74, '_wp_attachment_metadata', 'a:5:{s:5:\"width\";i:418;s:6:\"height\";i:301;s:4:\"file\";s:16:\"2020/03/risk.jpg\";s:5:\"sizes\";a:2:{s:6:\"medium\";a:4:{s:4:\"file\";s:16:\"risk-300x216.jpg\";s:5:\"width\";i:300;s:6:\"height\";i:216;s:9:\"mime-type\";s:10:\"image/jpeg\";}s:9:\"thumbnail\";a:4:{s:4:\"file\";s:16:\"risk-150x150.jpg\";s:5:\"width\";i:150;s:6:\"height\";i:150;s:9:\"mime-type\";s:10:\"image/jpeg\";}}s:10:\"image_meta\";a:12:{s:8:\"aperture\";s:1:\"0\";s:6:\"credit\";s:0:\"\";s:6:\"camera\";s:0:\"\";s:7:\"caption\";s:0:\"\";s:17:\"created_timestamp\";s:1:\"0\";s:9:\"copyright\";s:0:\"\";s:12:\"focal_length\";s:1:\"0\";s:3:\"iso\";s:1:\"0\";s:13:\"shutter_speed\";s:1:\"0\";s:5:\"title\";s:0:\"\";s:11:\"orientation\";s:1:\"1\";s:8:\"keywords\";a:0:{}}}'),
(215, 77, '_wp_attached_file', '2020/03/fig4-1.jpg'),
(216, 77, '_wp_attachment_metadata', 'a:5:{s:5:\"width\";i:469;s:6:\"height\";i:314;s:4:\"file\";s:18:\"2020/03/fig4-1.jpg\";s:5:\"sizes\";a:2:{s:6:\"medium\";a:4:{s:4:\"file\";s:18:\"fig4-1-300x201.jpg\";s:5:\"width\";i:300;s:6:\"height\";i:201;s:9:\"mime-type\";s:10:\"image/jpeg\";}s:9:\"thumbnail\";a:4:{s:4:\"file\";s:18:\"fig4-1-150x150.jpg\";s:5:\"width\";i:150;s:6:\"height\";i:150;s:9:\"mime-type\";s:10:\"image/jpeg\";}}s:10:\"image_meta\";a:12:{s:8:\"aperture\";s:1:\"0\";s:6:\"credit\";s:0:\"\";s:6:\"camera\";s:0:\"\";s:7:\"caption\";s:0:\"\";s:17:\"created_timestamp\";s:1:\"0\";s:9:\"copyright\";s:0:\"\";s:12:\"focal_length\";s:1:\"0\";s:3:\"iso\";s:1:\"0\";s:13:\"shutter_speed\";s:1:\"0\";s:5:\"title\";s:0:\"\";s:11:\"orientation\";s:1:\"1\";s:8:\"keywords\";a:0:{}}}'),
(217, 78, '_wp_attached_file', '2020/03/fig4-2.jpg'),
(218, 78, '_wp_attachment_metadata', 'a:5:{s:5:\"width\";i:401;s:6:\"height\";i:291;s:4:\"file\";s:18:\"2020/03/fig4-2.jpg\";s:5:\"sizes\";a:2:{s:6:\"medium\";a:4:{s:4:\"file\";s:18:\"fig4-2-300x218.jpg\";s:5:\"width\";i:300;s:6:\"height\";i:218;s:9:\"mime-type\";s:10:\"image/jpeg\";}s:9:\"thumbnail\";a:4:{s:4:\"file\";s:18:\"fig4-2-150x150.jpg\";s:5:\"width\";i:150;s:6:\"height\";i:150;s:9:\"mime-type\";s:10:\"image/jpeg\";}}s:10:\"image_meta\";a:12:{s:8:\"aperture\";s:1:\"0\";s:6:\"credit\";s:0:\"\";s:6:\"camera\";s:0:\"\";s:7:\"caption\";s:0:\"\";s:17:\"created_timestamp\";s:1:\"0\";s:9:\"copyright\";s:0:\"\";s:12:\"focal_length\";s:1:\"0\";s:3:\"iso\";s:1:\"0\";s:13:\"shutter_speed\";s:1:\"0\";s:5:\"title\";s:0:\"\";s:11:\"orientation\";s:1:\"1\";s:8:\"keywords\";a:0:{}}}'),
(219, 79, '_wp_attached_file', '2020/03/fig4-3.png'),
(220, 79, '_wp_attachment_metadata', 'a:5:{s:5:\"width\";i:467;s:6:\"height\";i:343;s:4:\"file\";s:18:\"2020/03/fig4-3.png\";s:5:\"sizes\";a:2:{s:6:\"medium\";a:4:{s:4:\"file\";s:18:\"fig4-3-300x220.png\";s:5:\"width\";i:300;s:6:\"height\";i:220;s:9:\"mime-type\";s:9:\"image/png\";}s:9:\"thumbnail\";a:4:{s:4:\"file\";s:18:\"fig4-3-150x150.png\";s:5:\"width\";i:150;s:6:\"height\";i:150;s:9:\"mime-type\";s:9:\"image/png\";}}s:10:\"image_meta\";a:12:{s:8:\"aperture\";s:1:\"0\";s:6:\"credit\";s:0:\"\";s:6:\"camera\";s:0:\"\";s:7:\"caption\";s:0:\"\";s:17:\"created_timestamp\";s:1:\"0\";s:9:\"copyright\";s:0:\"\";s:12:\"focal_length\";s:1:\"0\";s:3:\"iso\";s:1:\"0\";s:13:\"shutter_speed\";s:1:\"0\";s:5:\"title\";s:0:\"\";s:11:\"orientation\";s:1:\"0\";s:8:\"keywords\";a:0:{}}}'),
(221, 80, '_wp_attached_file', '2020/03/fig4-4.jpg'),
(222, 80, '_wp_attachment_metadata', 'a:5:{s:5:\"width\";i:443;s:6:\"height\";i:328;s:4:\"file\";s:18:\"2020/03/fig4-4.jpg\";s:5:\"sizes\";a:2:{s:6:\"medium\";a:4:{s:4:\"file\";s:18:\"fig4-4-300x222.jpg\";s:5:\"width\";i:300;s:6:\"height\";i:222;s:9:\"mime-type\";s:10:\"image/jpeg\";}s:9:\"thumbnail\";a:4:{s:4:\"file\";s:18:\"fig4-4-150x150.jpg\";s:5:\"width\";i:150;s:6:\"height\";i:150;s:9:\"mime-type\";s:10:\"image/jpeg\";}}s:10:\"image_meta\";a:12:{s:8:\"aperture\";s:1:\"0\";s:6:\"credit\";s:0:\"\";s:6:\"camera\";s:0:\"\";s:7:\"caption\";s:0:\"\";s:17:\"created_timestamp\";s:1:\"0\";s:9:\"copyright\";s:0:\"\";s:12:\"focal_length\";s:1:\"0\";s:3:\"iso\";s:1:\"0\";s:13:\"shutter_speed\";s:1:\"0\";s:5:\"title\";s:0:\"\";s:11:\"orientation\";s:1:\"1\";s:8:\"keywords\";a:0:{}}}'),
(223, 82, '_wp_attached_file', '2020/03/fig4-4-1.jpg'),
(224, 82, '_wp_attachment_metadata', 'a:5:{s:5:\"width\";i:443;s:6:\"height\";i:328;s:4:\"file\";s:20:\"2020/03/fig4-4-1.jpg\";s:5:\"sizes\";a:2:{s:6:\"medium\";a:4:{s:4:\"file\";s:20:\"fig4-4-1-300x222.jpg\";s:5:\"width\";i:300;s:6:\"height\";i:222;s:9:\"mime-type\";s:10:\"image/jpeg\";}s:9:\"thumbnail\";a:4:{s:4:\"file\";s:20:\"fig4-4-1-150x150.jpg\";s:5:\"width\";i:150;s:6:\"height\";i:150;s:9:\"mime-type\";s:10:\"image/jpeg\";}}s:10:\"image_meta\";a:12:{s:8:\"aperture\";s:1:\"0\";s:6:\"credit\";s:0:\"\";s:6:\"camera\";s:0:\"\";s:7:\"caption\";s:0:\"\";s:17:\"created_timestamp\";s:1:\"0\";s:9:\"copyright\";s:0:\"\";s:12:\"focal_length\";s:1:\"0\";s:3:\"iso\";s:1:\"0\";s:13:\"shutter_speed\";s:1:\"0\";s:5:\"title\";s:0:\"\";s:11:\"orientation\";s:1:\"1\";s:8:\"keywords\";a:0:{}}}'),
(225, 83, '_wp_attached_file', '2020/03/fig4-1-1.jpg'),
(226, 83, '_wp_attachment_metadata', 'a:5:{s:5:\"width\";i:469;s:6:\"height\";i:314;s:4:\"file\";s:20:\"2020/03/fig4-1-1.jpg\";s:5:\"sizes\";a:2:{s:6:\"medium\";a:4:{s:4:\"file\";s:20:\"fig4-1-1-300x201.jpg\";s:5:\"width\";i:300;s:6:\"height\";i:201;s:9:\"mime-type\";s:10:\"image/jpeg\";}s:9:\"thumbnail\";a:4:{s:4:\"file\";s:20:\"fig4-1-1-150x150.jpg\";s:5:\"width\";i:150;s:6:\"height\";i:150;s:9:\"mime-type\";s:10:\"image/jpeg\";}}s:10:\"image_meta\";a:12:{s:8:\"aperture\";s:1:\"0\";s:6:\"credit\";s:0:\"\";s:6:\"camera\";s:0:\"\";s:7:\"caption\";s:0:\"\";s:17:\"created_timestamp\";s:1:\"0\";s:9:\"copyright\";s:0:\"\";s:12:\"focal_length\";s:1:\"0\";s:3:\"iso\";s:1:\"0\";s:13:\"shutter_speed\";s:1:\"0\";s:5:\"title\";s:0:\"\";s:11:\"orientation\";s:1:\"1\";s:8:\"keywords\";a:0:{}}}'),
(227, 84, '_wp_attached_file', '2020/03/fig4-2-1.jpg'),
(228, 84, '_wp_attachment_metadata', 'a:5:{s:5:\"width\";i:401;s:6:\"height\";i:291;s:4:\"file\";s:20:\"2020/03/fig4-2-1.jpg\";s:5:\"sizes\";a:2:{s:6:\"medium\";a:4:{s:4:\"file\";s:20:\"fig4-2-1-300x218.jpg\";s:5:\"width\";i:300;s:6:\"height\";i:218;s:9:\"mime-type\";s:10:\"image/jpeg\";}s:9:\"thumbnail\";a:4:{s:4:\"file\";s:20:\"fig4-2-1-150x150.jpg\";s:5:\"width\";i:150;s:6:\"height\";i:150;s:9:\"mime-type\";s:10:\"image/jpeg\";}}s:10:\"image_meta\";a:12:{s:8:\"aperture\";s:1:\"0\";s:6:\"credit\";s:0:\"\";s:6:\"camera\";s:0:\"\";s:7:\"caption\";s:0:\"\";s:17:\"created_timestamp\";s:1:\"0\";s:9:\"copyright\";s:0:\"\";s:12:\"focal_length\";s:1:\"0\";s:3:\"iso\";s:1:\"0\";s:13:\"shutter_speed\";s:1:\"0\";s:5:\"title\";s:0:\"\";s:11:\"orientation\";s:1:\"1\";s:8:\"keywords\";a:0:{}}}'),
(229, 85, '_wp_attached_file', '2020/03/fig4-3-1.png'),
(230, 85, '_wp_attachment_metadata', 'a:5:{s:5:\"width\";i:467;s:6:\"height\";i:343;s:4:\"file\";s:20:\"2020/03/fig4-3-1.png\";s:5:\"sizes\";a:2:{s:6:\"medium\";a:4:{s:4:\"file\";s:20:\"fig4-3-1-300x220.png\";s:5:\"width\";i:300;s:6:\"height\";i:220;s:9:\"mime-type\";s:9:\"image/png\";}s:9:\"thumbnail\";a:4:{s:4:\"file\";s:20:\"fig4-3-1-150x150.png\";s:5:\"width\";i:150;s:6:\"height\";i:150;s:9:\"mime-type\";s:9:\"image/png\";}}s:10:\"image_meta\";a:12:{s:8:\"aperture\";s:1:\"0\";s:6:\"credit\";s:0:\"\";s:6:\"camera\";s:0:\"\";s:7:\"caption\";s:0:\"\";s:17:\"created_timestamp\";s:1:\"0\";s:9:\"copyright\";s:0:\"\";s:12:\"focal_length\";s:1:\"0\";s:3:\"iso\";s:1:\"0\";s:13:\"shutter_speed\";s:1:\"0\";s:5:\"title\";s:0:\"\";s:11:\"orientation\";s:1:\"0\";s:8:\"keywords\";a:0:{}}}'),
(231, 86, '_wp_attached_file', '2020/03/fig4-4-2.jpg'),
(232, 86, '_wp_attachment_metadata', 'a:5:{s:5:\"width\";i:443;s:6:\"height\";i:328;s:4:\"file\";s:20:\"2020/03/fig4-4-2.jpg\";s:5:\"sizes\";a:2:{s:6:\"medium\";a:4:{s:4:\"file\";s:20:\"fig4-4-2-300x222.jpg\";s:5:\"width\";i:300;s:6:\"height\";i:222;s:9:\"mime-type\";s:10:\"image/jpeg\";}s:9:\"thumbnail\";a:4:{s:4:\"file\";s:20:\"fig4-4-2-150x150.jpg\";s:5:\"width\";i:150;s:6:\"height\";i:150;s:9:\"mime-type\";s:10:\"image/jpeg\";}}s:10:\"image_meta\";a:12:{s:8:\"aperture\";s:1:\"0\";s:6:\"credit\";s:0:\"\";s:6:\"camera\";s:0:\"\";s:7:\"caption\";s:0:\"\";s:17:\"created_timestamp\";s:1:\"0\";s:9:\"copyright\";s:0:\"\";s:12:\"focal_length\";s:1:\"0\";s:3:\"iso\";s:1:\"0\";s:13:\"shutter_speed\";s:1:\"0\";s:5:\"title\";s:0:\"\";s:11:\"orientation\";s:1:\"1\";s:8:\"keywords\";a:0:{}}}'),
(233, 87, '_wp_attached_file', '2020/03/article10.jpg'),
(234, 87, '_wp_attachment_metadata', 'a:5:{s:5:\"width\";i:1261;s:6:\"height\";i:817;s:4:\"file\";s:21:\"2020/03/article10.jpg\";s:5:\"sizes\";a:4:{s:6:\"medium\";a:4:{s:4:\"file\";s:21:\"article10-300x194.jpg\";s:5:\"width\";i:300;s:6:\"height\";i:194;s:9:\"mime-type\";s:10:\"image/jpeg\";}s:5:\"large\";a:4:{s:4:\"file\";s:22:\"article10-1024x663.jpg\";s:5:\"width\";i:1024;s:6:\"height\";i:663;s:9:\"mime-type\";s:10:\"image/jpeg\";}s:9:\"thumbnail\";a:4:{s:4:\"file\";s:21:\"article10-150x150.jpg\";s:5:\"width\";i:150;s:6:\"height\";i:150;s:9:\"mime-type\";s:10:\"image/jpeg\";}s:12:\"medium_large\";a:4:{s:4:\"file\";s:21:\"article10-768x498.jpg\";s:5:\"width\";i:768;s:6:\"height\";i:498;s:9:\"mime-type\";s:10:\"image/jpeg\";}}s:10:\"image_meta\";a:12:{s:8:\"aperture\";s:1:\"0\";s:6:\"credit\";s:0:\"\";s:6:\"camera\";s:0:\"\";s:7:\"caption\";s:0:\"\";s:17:\"created_timestamp\";s:1:\"0\";s:9:\"copyright\";s:0:\"\";s:12:\"focal_length\";s:1:\"0\";s:3:\"iso\";s:1:\"0\";s:13:\"shutter_speed\";s:1:\"0\";s:5:\"title\";s:0:\"\";s:11:\"orientation\";s:1:\"0\";s:8:\"keywords\";a:0:{}}}'),
(237, 72, '_thumbnail_id', '54'),
(238, 90, '_wp_attached_file', '2020/03/fig4-1-2.jpg'),
(239, 90, '_wp_attachment_metadata', 'a:5:{s:5:\"width\";i:469;s:6:\"height\";i:314;s:4:\"file\";s:20:\"2020/03/fig4-1-2.jpg\";s:5:\"sizes\";a:2:{s:6:\"medium\";a:4:{s:4:\"file\";s:20:\"fig4-1-2-300x201.jpg\";s:5:\"width\";i:300;s:6:\"height\";i:201;s:9:\"mime-type\";s:10:\"image/jpeg\";}s:9:\"thumbnail\";a:4:{s:4:\"file\";s:20:\"fig4-1-2-150x150.jpg\";s:5:\"width\";i:150;s:6:\"height\";i:150;s:9:\"mime-type\";s:10:\"image/jpeg\";}}s:10:\"image_meta\";a:12:{s:8:\"aperture\";s:1:\"0\";s:6:\"credit\";s:0:\"\";s:6:\"camera\";s:0:\"\";s:7:\"caption\";s:0:\"\";s:17:\"created_timestamp\";s:1:\"0\";s:9:\"copyright\";s:0:\"\";s:12:\"focal_length\";s:1:\"0\";s:3:\"iso\";s:1:\"0\";s:13:\"shutter_speed\";s:1:\"0\";s:5:\"title\";s:0:\"\";s:11:\"orientation\";s:1:\"1\";s:8:\"keywords\";a:0:{}}}'),
(240, 91, '_wp_attached_file', '2020/03/fig4-2-2.jpg'),
(241, 91, '_wp_attachment_metadata', 'a:5:{s:5:\"width\";i:401;s:6:\"height\";i:291;s:4:\"file\";s:20:\"2020/03/fig4-2-2.jpg\";s:5:\"sizes\";a:2:{s:6:\"medium\";a:4:{s:4:\"file\";s:20:\"fig4-2-2-300x218.jpg\";s:5:\"width\";i:300;s:6:\"height\";i:218;s:9:\"mime-type\";s:10:\"image/jpeg\";}s:9:\"thumbnail\";a:4:{s:4:\"file\";s:20:\"fig4-2-2-150x150.jpg\";s:5:\"width\";i:150;s:6:\"height\";i:150;s:9:\"mime-type\";s:10:\"image/jpeg\";}}s:10:\"image_meta\";a:12:{s:8:\"aperture\";s:1:\"0\";s:6:\"credit\";s:0:\"\";s:6:\"camera\";s:0:\"\";s:7:\"caption\";s:0:\"\";s:17:\"created_timestamp\";s:1:\"0\";s:9:\"copyright\";s:0:\"\";s:12:\"focal_length\";s:1:\"0\";s:3:\"iso\";s:1:\"0\";s:13:\"shutter_speed\";s:1:\"0\";s:5:\"title\";s:0:\"\";s:11:\"orientation\";s:1:\"1\";s:8:\"keywords\";a:0:{}}}'),
(242, 92, '_wp_attached_file', '2020/03/fig4-3-2.png'),
(243, 92, '_wp_attachment_metadata', 'a:5:{s:5:\"width\";i:467;s:6:\"height\";i:343;s:4:\"file\";s:20:\"2020/03/fig4-3-2.png\";s:5:\"sizes\";a:2:{s:6:\"medium\";a:4:{s:4:\"file\";s:20:\"fig4-3-2-300x220.png\";s:5:\"width\";i:300;s:6:\"height\";i:220;s:9:\"mime-type\";s:9:\"image/png\";}s:9:\"thumbnail\";a:4:{s:4:\"file\";s:20:\"fig4-3-2-150x150.png\";s:5:\"width\";i:150;s:6:\"height\";i:150;s:9:\"mime-type\";s:9:\"image/png\";}}s:10:\"image_meta\";a:12:{s:8:\"aperture\";s:1:\"0\";s:6:\"credit\";s:0:\"\";s:6:\"camera\";s:0:\"\";s:7:\"caption\";s:0:\"\";s:17:\"created_timestamp\";s:1:\"0\";s:9:\"copyright\";s:0:\"\";s:12:\"focal_length\";s:1:\"0\";s:3:\"iso\";s:1:\"0\";s:13:\"shutter_speed\";s:1:\"0\";s:5:\"title\";s:0:\"\";s:11:\"orientation\";s:1:\"0\";s:8:\"keywords\";a:0:{}}}'),
(244, 93, '_wp_attached_file', '2020/03/fig4-4-3.jpg'),
(245, 93, '_wp_attachment_metadata', 'a:5:{s:5:\"width\";i:443;s:6:\"height\";i:328;s:4:\"file\";s:20:\"2020/03/fig4-4-3.jpg\";s:5:\"sizes\";a:2:{s:6:\"medium\";a:4:{s:4:\"file\";s:20:\"fig4-4-3-300x222.jpg\";s:5:\"width\";i:300;s:6:\"height\";i:222;s:9:\"mime-type\";s:10:\"image/jpeg\";}s:9:\"thumbnail\";a:4:{s:4:\"file\";s:20:\"fig4-4-3-150x150.jpg\";s:5:\"width\";i:150;s:6:\"height\";i:150;s:9:\"mime-type\";s:10:\"image/jpeg\";}}s:10:\"image_meta\";a:12:{s:8:\"aperture\";s:1:\"0\";s:6:\"credit\";s:0:\"\";s:6:\"camera\";s:0:\"\";s:7:\"caption\";s:0:\"\";s:17:\"created_timestamp\";s:1:\"0\";s:9:\"copyright\";s:0:\"\";s:12:\"focal_length\";s:1:\"0\";s:3:\"iso\";s:1:\"0\";s:13:\"shutter_speed\";s:1:\"0\";s:5:\"title\";s:0:\"\";s:11:\"orientation\";s:1:\"1\";s:8:\"keywords\";a:0:{}}}');

-- --------------------------------------------------------

--
-- Table structure for table `blogposts`
--

CREATE TABLE `blogposts` (
  `ID` bigint(20) UNSIGNED NOT NULL,
  `post_author` bigint(20) UNSIGNED NOT NULL DEFAULT 0,
  `post_date` datetime NOT NULL DEFAULT '0000-00-00 00:00:00',
  `post_date_gmt` datetime NOT NULL DEFAULT '0000-00-00 00:00:00',
  `post_content` longtext COLLATE utf8mb4_unicode_ci NOT NULL,
  `post_title` text COLLATE utf8mb4_unicode_ci NOT NULL,
  `post_excerpt` text COLLATE utf8mb4_unicode_ci NOT NULL,
  `post_status` varchar(20) COLLATE utf8mb4_unicode_ci NOT NULL DEFAULT 'publish',
  `comment_status` varchar(20) COLLATE utf8mb4_unicode_ci NOT NULL DEFAULT 'open',
  `ping_status` varchar(20) COLLATE utf8mb4_unicode_ci NOT NULL DEFAULT 'open',
  `post_password` varchar(255) COLLATE utf8mb4_unicode_ci NOT NULL DEFAULT '',
  `post_name` varchar(200) COLLATE utf8mb4_unicode_ci NOT NULL DEFAULT '',
  `to_ping` text COLLATE utf8mb4_unicode_ci NOT NULL,
  `pinged` text COLLATE utf8mb4_unicode_ci NOT NULL,
  `post_modified` datetime NOT NULL DEFAULT '0000-00-00 00:00:00',
  `post_modified_gmt` datetime NOT NULL DEFAULT '0000-00-00 00:00:00',
  `post_content_filtered` longtext COLLATE utf8mb4_unicode_ci NOT NULL,
  `post_parent` bigint(20) UNSIGNED NOT NULL DEFAULT 0,
  `guid` varchar(255) COLLATE utf8mb4_unicode_ci NOT NULL DEFAULT '',
  `menu_order` int(11) NOT NULL DEFAULT 0,
  `post_type` varchar(20) COLLATE utf8mb4_unicode_ci NOT NULL DEFAULT 'post',
  `post_mime_type` varchar(100) COLLATE utf8mb4_unicode_ci NOT NULL DEFAULT '',
  `comment_count` bigint(20) NOT NULL DEFAULT 0
) ENGINE=InnoDB DEFAULT CHARSET=utf8mb4 COLLATE=utf8mb4_unicode_ci;

--
-- Dumping data for table `blogposts`
--

INSERT INTO `blogposts` (`ID`, `post_author`, `post_date`, `post_date_gmt`, `post_content`, `post_title`, `post_excerpt`, `post_status`, `comment_status`, `ping_status`, `post_password`, `post_name`, `to_ping`, `pinged`, `post_modified`, `post_modified_gmt`, `post_content_filtered`, `post_parent`, `guid`, `menu_order`, `post_type`, `post_mime_type`, `comment_count`) VALUES
(2, 1, '2020-02-18 11:28:38', '2020-02-18 11:28:39', '<!-- wp:paragraph -->\n<p>This is an example page. It\'s different from a blog post because it will stay in one place and will show up in your site navigation (in most themes). Most people start with an About page that introduces them to potential site visitors. It might say something like this:</p>\n<!-- /wp:paragraph -->\n\n<!-- wp:quote -->\n<blockquote class=\"wp-block-quote\"><p>Hi there! I\'m a bike messenger by day, aspiring actor by night, and this is my website. I live in Los Angeles, have a great dog named Jack, and I like pi&#241;a coladas. (And gettin\' caught in the rain.)</p></blockquote>\n<!-- /wp:quote -->\n\n<!-- wp:paragraph -->\n<p>...or something like this:</p>\n<!-- /wp:paragraph -->\n\n<!-- wp:quote -->\n<blockquote class=\"wp-block-quote\"><p>The XYZ Doohickey Company was founded in 1971, and has been providing quality doohickeys to the public ever since. Located in Gotham City, XYZ employs over 2,000 people and does all kinds of awesome things for the Gotham community.</p></blockquote>\n<!-- /wp:quote -->\n\n<!-- wp:paragraph -->\n<p>As a new WordPress user, you should go to <a href=\"http://www.blogs.aapgsuez.net/Blog/wp-admin/\">your dashboard</a> to delete this page and create new pages for your content. Have fun!</p>\n<!-- /wp:paragraph -->', 'Sample Page', '', 'publish', 'closed', 'open', '', 'sample-page', '', '', '2020-02-18 11:28:38', '2020-02-18 11:28:39', '', 0, 'http://www.blogs.aapgsuez.net/Blog/?page_id=2', 0, 'page', '', 0),
(3, 1, '2020-02-18 11:28:38', '2020-02-18 11:28:39', '<!-- wp:heading --><h2>Who we are</h2><!-- /wp:heading --><!-- wp:paragraph --><p>Our website address is: http://www.blogs.aapgsuez.net/Blog.</p><!-- /wp:paragraph --><!-- wp:heading --><h2>What personal data we collect and why we collect it</h2><!-- /wp:heading --><!-- wp:heading {\"level\":3} --><h3>Comments</h3><!-- /wp:heading --><!-- wp:paragraph --><p>When visitors leave comments on the site we collect the data shown in the comments form, and also the visitor&#8217;s IP address and browser user agent string to help spam detection.</p><!-- /wp:paragraph --><!-- wp:paragraph --><p>An anonymized string created from your email address (also called a hash) may be provided to the Gravatar service to see if you are using it. The Gravatar service privacy policy is available here: https://automattic.com/privacy/. After approval of your comment, your profile picture is visible to the public in the context of your comment.</p><!-- /wp:paragraph --><!-- wp:heading {\"level\":3} --><h3>Media</h3><!-- /wp:heading --><!-- wp:paragraph --><p>If you upload images to the website, you should avoid uploading images with embedded location data (EXIF GPS) included. Visitors to the website can download and extract any location data from images on the website.</p><!-- /wp:paragraph --><!-- wp:heading {\"level\":3} --><h3>Contact forms</h3><!-- /wp:heading --><!-- wp:heading {\"level\":3} --><h3>Cookies</h3><!-- /wp:heading --><!-- wp:paragraph --><p>If you leave a comment on our site you may opt-in to saving your name, email address and website in cookies. These are for your convenience so that you do not have to fill in your details again when you leave another comment. These cookies will last for one year.</p><!-- /wp:paragraph --><!-- wp:paragraph --><p>If you visit our login page, we will set a temporary cookie to determine if your browser accepts cookies. This cookie contains no personal data and is discarded when you close your browser.</p><!-- /wp:paragraph --><!-- wp:paragraph --><p>When you log in, we will also set up several cookies to save your login information and your screen display choices. Login cookies last for two days, and screen options cookies last for a year. If you select &quot;Remember Me&quot;, your login will persist for two weeks. If you log out of your account, the login cookies will be removed.</p><!-- /wp:paragraph --><!-- wp:paragraph --><p>If you edit or publish an article, an additional cookie will be saved in your browser. This cookie includes no personal data and simply indicates the post ID of the article you just edited. It expires after 1 day.</p><!-- /wp:paragraph --><!-- wp:heading {\"level\":3} --><h3>Embedded content from other websites</h3><!-- /wp:heading --><!-- wp:paragraph --><p>Articles on this site may include embedded content (e.g. videos, images, articles, etc.). Embedded content from other websites behaves in the exact same way as if the visitor has visited the other website.</p><!-- /wp:paragraph --><!-- wp:paragraph --><p>These websites may collect data about you, use cookies, embed additional third-party tracking, and monitor your interaction with that embedded content, including tracking your interaction with the embedded content if you have an account and are logged in to that website.</p><!-- /wp:paragraph --><!-- wp:heading {\"level\":3} --><h3>Analytics</h3><!-- /wp:heading --><!-- wp:heading --><h2>Who we share your data with</h2><!-- /wp:heading --><!-- wp:heading --><h2>How long we retain your data</h2><!-- /wp:heading --><!-- wp:paragraph --><p>If you leave a comment, the comment and its metadata are retained indefinitely. This is so we can recognize and approve any follow-up comments automatically instead of holding them in a moderation queue.</p><!-- /wp:paragraph --><!-- wp:paragraph --><p>For users that register on our website (if any), we also store the personal information they provide in their user profile. All users can see, edit, or delete their personal information at any time (except they cannot change their username). Website administrators can also see and edit that information.</p><!-- /wp:paragraph --><!-- wp:heading --><h2>What rights you have over your data</h2><!-- /wp:heading --><!-- wp:paragraph --><p>If you have an account on this site, or have left comments, you can request to receive an exported file of the personal data we hold about you, including any data you have provided to us. You can also request that we erase any personal data we hold about you. This does not include any data we are obliged to keep for administrative, legal, or security purposes.</p><!-- /wp:paragraph --><!-- wp:heading --><h2>Where we send your data</h2><!-- /wp:heading --><!-- wp:paragraph --><p>Visitor comments may be checked through an automated spam detection service.</p><!-- /wp:paragraph --><!-- wp:heading --><h2>Your contact information</h2><!-- /wp:heading --><!-- wp:heading --><h2>Additional information</h2><!-- /wp:heading --><!-- wp:heading {\"level\":3} --><h3>How we protect your data</h3><!-- /wp:heading --><!-- wp:heading {\"level\":3} --><h3>What data breach procedures we have in place</h3><!-- /wp:heading --><!-- wp:heading {\"level\":3} --><h3>What third parties we receive data from</h3><!-- /wp:heading --><!-- wp:heading {\"level\":3} --><h3>What automated decision making and/or profiling we do with user data</h3><!-- /wp:heading --><!-- wp:heading {\"level\":3} --><h3>Industry regulatory disclosure requirements</h3><!-- /wp:heading -->', 'Privacy Policy', '', 'draft', 'closed', 'open', '', 'privacy-policy', '', '', '2020-02-18 11:28:38', '2020-02-18 11:28:39', '', 0, 'http://www.blogs.aapgsuez.net/Blog/?page_id=3', 0, 'page', '', 0),
(5, 1, '2020-02-19 15:44:58', '2020-02-19 15:44:58', '', '<i class=\"fa fa-list-alt\"></i>  about', '', 'publish', 'closed', 'closed', '', 'about', '', '', '2020-03-15 06:33:53', '2020-03-15 06:33:53', '', 0, 'http://www.blogs.aapgsuez.net/Blog/?p=5', 8, 'nav_menu_item', '', 0),
(6, 1, '2020-02-19 16:40:53', '2020-02-19 16:40:53', '', '<span class=\"fa fa-home\"></span> Home', '', 'publish', 'closed', 'closed', '', 'home', '', '', '2020-03-15 06:33:53', '2020-03-15 06:33:53', '', 0, 'http://www.blogs.aapgsuez.net/Blog/?p=6', 1, 'nav_menu_item', '', 0),
(7, 1, '2020-02-19 16:40:53', '2020-02-19 16:40:53', '', '<i class=\"fa fa-calendar-alt\"></i>  Insider AAPG', '', 'publish', 'closed', 'closed', '', 'insider-aapg', '', '', '2020-03-15 06:33:53', '2020-03-15 06:33:53', '', 0, 'http://www.blogs.aapgsuez.net/Blog/?p=7', 2, 'nav_menu_item', '', 0),
(8, 1, '2020-02-19 16:40:53', '2020-02-19 16:40:53', '', '<i class=\"fa fa-wrench\"></i> Projects', '', 'publish', 'closed', 'closed', '', 'projects', '', '', '2020-03-15 06:33:53', '2020-03-15 06:33:53', '', 0, 'http://www.blogs.aapgsuez.net/Blog/?p=8', 6, 'nav_menu_item', '', 0),
(9, 1, '2020-02-19 16:40:54', '2020-02-19 16:40:54', '', '<i class=\"fa fa-list\"></i> Blog', '', 'publish', 'closed', 'closed', '', 'blog', '', '', '2020-03-15 06:33:53', '2020-03-15 06:33:53', '', 0, 'http://www.blogs.aapgsuez.net/Blog/?p=9', 7, 'nav_menu_item', '', 0),
(11, 1, '2020-02-25 15:56:08', '2020-02-25 15:56:08', '<!-- wp:paragraph -->\n<p> Contact was established in 2001 as the first specialized consumer financing company in Egypt. Set up as an independent, management and employee led initiative, the company has managed to secure equity financing from various sources since inception, including banks, private equity firms and individuals. Today Contact’s parent company is Sarwa Capital, the leading structure finance investment firm. Content  Content  Content  Content  Content  Content  Content  Content  Content  Content  Content  Content  Content  Content  Content  Content  Content  Content  Content  Content  Content  Content  Content  Content  Content  Content  Content  Content  Cont ent  Content  Content  Content  Content  Content  Content  Content  Content  Content  Content  Content  Content  Content  Content  Content  Content  Content  Content  Content  Content  Content  Content  Content  Content  Content  Content  Content  Content  Content  Content  Content  Content  Content  Content  Content  Content  Content  Content  Content  Content  Content  Content  Content  Content  Content  Content  Content  Content  Content  Content  Content  Content  Content  Content  Content  Content  Conten  ent  Content  Content  Content  Content  Content  Content  Content  Content  Content  Content  Content  Content  Content  Content  Content  Content  Content  Content  Content  Content  Content  Content  Content  Content  Content  Content  Content  Content  Content  Content  Content  Content  Content  Content  Content  Content  Content  Content  Content  Content  Content  Content  Content  Content  Content  Content  Content  Content  Content  Content  Content  Content  Content  Content  Content  Content  Conten  ent  Content  Content  Content  Content  Content  Content  Content  Content  Content  Content  Content  Content  Content  Content  Content  Content  Content  Content  Content  Content  Content  Content  Content  Content  Content  Content  Content  Content  Content  Content  Content  Content  Content  Content  Content  Content  Content  Content  Content  Content  Content  Content  Content  Content  Content  Content  Content  Content  Content  Content  Content  Content  Content  Content  Content  Content  Conten  ent  Content  Content  Content  Content  Content  Content  Content  Content  Content  Content  Content  Content  Content  Content  Content  Content  Content  Content  Content  Content  Content  Content  Content  Content  Content  Content  Content  Content  Content  Content  Content  Content  Content  Content  Content  Content  Content  Content  Content  Content  Content  Content  Content  Content  Content  Content  Content  Content  Content  Content  Content  Content  Content  Content  Content  Content  Conten  ent  Content  Content  Content  Content  Content  Content  Content  Content  Content  Content  Content  Content  Content  Content  Content  Content  Content  Content  Content  Content  Content  Content  Content  Content  Content  Content  Content  Content  Content  Content  Content  Content  Content  Content  Content  Content  Content  Content  Content  Content  Content  Content  Content  Content  Content  Content  Content  Content  Content  Content  Content  Content  Content  Content  Content  Content  Conten t  Content  Content </p>\n<!-- /wp:paragraph -->\n\n<!-- wp:image {\"id\":12} -->\n<figure class=\"wp-block-image\"><img src=\"http://www.blogs.aapgsuez.net/Blog/wp-content/uploads/2020/02/PACE-copy-1024x461.jpg\" alt=\"\" class=\"wp-image-12\"/></figure>\n<!-- /wp:image -->\n\n<!-- wp:paragraph -->\n<p> ent  Content  Content  Content  Content  Content  Content  Content  Content  Content  Content  Content  Content  Content  Content  Content  Content  Content  Content  Content  Content  Content  Content  Content  Content  Content  Content  Content  Content  Conten  ent  Content  Content  Content  Content  Content  Content  Content  Content  Content  Content  Content  Content  Content  Content  Content  Content  Content  Content  Content  Content  Content  Content  Content  Content  Content  Content  Content  Content  Content  Content  Content  Content  Content  Content  Content  Content  Content  Content  Content  Content  Content  Content  Content  Content </p>\n<!-- /wp:paragraph -->', 'Title Article', '', 'trash', 'open', 'open', '', 'title-article__trashed', '', '', '2020-03-13 16:50:39', '2020-03-13 16:50:39', '', 0, 'http://www.blogs.aapgsuez.net/Blog/?p=11', 0, 'post', '', 0),
(12, 1, '2020-02-25 15:54:54', '2020-02-25 15:54:54', '', 'PACE-copy', '', 'inherit', 'open', 'closed', '', 'pace-copy', '', '', '2020-02-25 15:54:54', '2020-02-25 15:54:54', '', 11, 'http://www.blogs.aapgsuez.net/Blog/wp-content/uploads/2020/02/PACE-copy.jpg', 0, 'attachment', 'image/jpeg', 0),
(14, 1, '2020-02-25 15:56:08', '2020-02-25 15:56:08', '<!-- wp:paragraph -->\n<p>Content  Content  Content  Content  Content  Content  Content  Content  Content  Content  Content  Content  Content  Content  Content  Content  Content  Content  Content  Content  Content  Content  Content  Content  Content  Content  Content  Content  Cont ent  Content  Content  Content  Content  Content  Content  Content  Content  Content  Content  Content  Content  Content  Content  Content  Content  Content  Content  Content  Content  Content  Content  Content  Content  Content  Content  Content  Content  Content  Content  Content  Content  Content  Content  Content  Content  Content  Content  Content  Content  Content  Content  Content  Content  Content  Content  Content  Content  Content  Content  Content  Content  Content  Content  Content  Content  Conten  ent  Content  Content  Content  Content  Content  Content  Content  Content  Content  Content  Content  Content  Content  Content  Content  Content  Content  Content  Content  Content  Content  Content  Content  Content  Content  Content  Content  Content  Content  Content  Content  Content  Content  Content  Content  Content  Content  Content  Content  Content  Content  Content  Content  Content  Content  Content  Content  Content  Content  Content  Content  Content  Content  Content  Content  Content  Conten  ent  Content  Content  Content  Content  Content  Content  Content  Content  Content  Content  Content  Content  Content  Content  Content  Content  Content  Content  Content  Content  Content  Content  Content  Content  Content  Content  Content  Content  Content  Content  Content  Content  Content  Content  Content  Content  Content  Content  Content  Content  Content  Content  Content  Content  Content  Content  Content  Content  Content  Content  Content  Content  Content  Content  Content  Content  Conten  ent  Content  Content  Content  Content  Content  Content  Content  Content  Content  Content  Content  Content  Content  Content  Content  Content  Content  Content  Content  Content  Content  Content  Content  Content  Content  Content  Content  Content  Content  Content  Content  Content  Content  Content  Content  Content  Content  Content  Content  Content  Content  Content  Content  Content  Content  Content  Content  Content  Content  Content  Content  Content  Content  Content  Content  Content  Conten  ent  Content  Content  Content  Content  Content  Content  Content  Content  Content  Content  Content  Content  Content  Content  Content  Content  Content  Content  Content  Content  Content  Content  Content  Content  Content  Content  Content  Content  Content  Content  Content  Content  Content  Content  Content  Content  Content  Content  Content  Content  Content  Content  Content  Content  Content  Content  Content  Content  Content  Content  Content  Content  Content  Content  Content  Content  Conten t  Content  Content </p>\n<!-- /wp:paragraph -->\n\n<!-- wp:image {\"id\":12} -->\n<figure class=\"wp-block-image\"><img src=\"http://www.blogs.aapgsuez.net/Blog/wp-content/uploads/2020/02/PACE-copy-1024x461.jpg\" alt=\"\" class=\"wp-image-12\"/></figure>\n<!-- /wp:image -->\n\n<!-- wp:paragraph -->\n<p> ent  Content  Content  Content  Content  Content  Content  Content  Content  Content  Content  Content  Content  Content  Content  Content  Content  Content  Content  Content  Content  Content  Content  Content  Content  Content  Content  Content  Content  Conten  ent  Content  Content  Content  Content  Content  Content  Content  Content  Content  Content  Content  Content  Content  Content  Content  Content  Content  Content  Content  Content  Content  Content  Content  Content  Content  Content  Content  Content  Content  Content  Content  Content  Content  Content  Content  Content  Content  Content  Content  Content  Content  Content  Content  Content </p>\n<!-- /wp:paragraph -->', 'Title Article', '', 'inherit', 'closed', 'closed', '', '11-revision-v1', '', '', '2020-02-25 15:56:08', '2020-02-25 15:56:08', '', 11, 'http://www.blogs.aapgsuez.net/Blog/2020/02/25/11-revision-v1/', 0, 'revision', '', 0),
(15, 1, '2020-02-25 16:42:20', '2020-02-25 16:42:20', '<!-- wp:paragraph -->\n<p> Contact was established in 2001 as the first specialized consumer financing company in Egypt. Set up as an independent, management and employee led initiative, the company has managed to secure equity financing from various sources since inception, including banks, private equity firms and individuals. Today Contact’s parent company is Sarwa Capital, the leading structure finance investment firm. Title ArticleTitle ArticleTitle ArticleTitle ArticleTitle ArticleTitle ArticleTitle ArticleTitle ArticleTitle ArticleTitle ArticleTitle ArticleTitle ArticleTitle ArticleTitle ArticleTitle ArticleTitle ArticleTitle ArticleTitle ArticleTitle ArticleTitle ArticleTitle ArticleTitle ArticleTitle ArticleTitle ArticleTitle ArticleTitle ArticleTitle ArticleTitle ArticleTitle ArticleTitle ArticleTitle ArticleTitle ArticleTitle ArticleTitle ArticleTitle ArticleTitle ArticleTitle ArticleTitle ArticleTitle ArticleTit le ArticleTitle ArticleTitle ArticleTitle ArticleTitle ArticleTitle ArticleTitle ArticleTitle ArticleTitle ArticleTitle ArticleTitle ArticleTitle ArticleTitle ArticleTitle ArticleTitle ArticleTitle ArticleTitle ArticleTitle ArticleTitle ArticleTitle ArticleTitle ArticleTitle ArticleTitle ArticleTitle ArticleTitle ArticleTitle ArticleTitle ArticleTitle ArticleTitle ArticleTitle ArticleTitle ArticleTitle ArticleTitle ArticleTitle ArticleTitle ArticleTitle ArticleTitle ArticleTitle ArticleTitle ArticleTitle ArticleTitle ArticleTitle ArticleTitle ArticleTitle ArticleTitle ArticleTitle ArticleTitle ArticleTitle ArticleTitle ArticleTitle ArticleTitle ArticleTitle ArticleTitle ArticleTitle ArticleTitle ArticleTitle ArticleTitle ArticleTitle ArticleTitle ArticleTitle ArticleTitle ArticleTitle ArticleTitle ArticleTitle ArticleTitle ArticleTitle ArticleTitle ArticleTitle Article  le ArticleTitle ArticleTitle ArticleTitle ArticleTitle ArticleTitle ArticleTitle ArticleTitle ArticleTitle ArticleTitle ArticleTitle ArticleTitle ArticleTitle ArticleTitle ArticleTitle ArticleTitle ArticleTitle ArticleTitle ArticleTitle ArticleTitle ArticleTitle ArticleTitle ArticleTitle ArticleTitle ArticleTitle ArticleTitle ArticleTitle ArticleTitle ArticleTitle ArticleTitle ArticleTitle ArticleTitle ArticleTitle ArticleTitle ArticleTitle ArticleTitle ArticleTitle ArticleTitle ArticleTitle ArticleTitle ArticleTitle ArticleTitle ArticleTitle ArticleTitle ArticleTitle ArticleTitle ArticleTitle ArticleTitle ArticleTitle ArticleTitle ArticleTitle ArticleTitle ArticleTitle ArticleTitle ArticleTitle ArticleTitle ArticleTitle ArticleTitle ArticleTitle ArticleTitle ArticleTitle ArticleTitle ArticleTitle ArticleTitle ArticleTitle ArticleTitle ArticleTitle ArticleTitle Article </p>\n<!-- /wp:paragraph -->', 'Title Title Article', '', 'trash', 'open', 'open', '', 'title-title-article__trashed', '', '', '2020-03-13 16:50:37', '2020-03-13 16:50:37', '', 0, 'http://www.blogs.aapgsuez.net/Blog/?p=15', 0, 'post', '', 0),
(16, 1, '2020-02-25 16:43:32', '2020-02-25 16:43:32', '<!-- wp:paragraph -->\n<p>  Contact was established in 2001 as the first specialized consumer financing company in Egypt. Set up as an independent, management and employee led initiative, the company has managed to secure equity financing from various sources since inception, including banks, private equity firms and individuals. Today Contact’s parent company is Sarwa Capital, the leading structure finance investment firm. le  ArticleTitle ArticleTitle ArticleTitle ArticleTitle ArticleTitle ArticleTitle ArticleTitle ArticleTitle ArticleTitle ArticleTitle ArticleTitle ArticleTitle ArticleTitle ArticleTitle ArticleTitle ArticleTitle ArticleTitle ArticleTitle ArticleTitle ArticleTitle ArticleTitle ArticleTitle ArticleTitle ArticleTitle ArticleTitle ArticleTitle ArticleTitle ArticleTitle ArticleTitle ArticleTitle ArticleTitle ArticleTitle ArticleTitle ArticleTitle ArticleTitle ArticleTitle ArticleTitle ArticleTitle ArticleTitle ArticleTitle ArticleTitle ArticleTitle ArticleTitle ArticleTitle ArticleTitle ArticleTitle ArticleTitle ArticleTitle ArticleTitle ArticleTitle ArticleTitle ArticleTitle ArticleTitle ArticleTitle ArticleTitle ArticleTitle ArticleTitle ArticleTitle ArticleTitle ArticleTitle ArticleTitle Article Title ArticleTitle ArticleTitle ArticleTitle ArticleTitle ArticleTitle Article </p>\n<!-- /wp:paragraph -->', 'ArticleTitle', '', 'trash', 'open', 'open', '', 'articletitle__trashed', '', '', '2020-03-13 16:50:34', '2020-03-13 16:50:34', '', 0, 'http://www.blogs.aapgsuez.net/Blog/?p=16', 0, 'post', '', 0),
(17, 1, '2020-02-25 16:43:51', '2020-02-25 16:43:51', '<!-- wp:paragraph -->\n<p> Contact was established in 2001 as the first specialized consumer financing company in Egypt. Set up as an independent, management and employee led initiative, the company has managed to secure equity financing from various sources since inception, including banks, private equity firms and individuals. Today Contact’s parent company is Sarwa Capital, the leading structure finance investment firm.   ArticleTitle ArticleTitle ArticleTitle ArticleTitle ArticleTitle ArticleTitle ArticleTitle ArticleTitle ArticleTitle ArticleTitle ArticleTitle ArticleTitle ArticleTitle ArticleTitle ArticleTitle ArticleTitle ArticleTitle ArticleTitle ArticleTitle ArticleTitle ArticleTitle ArticleTitle ArticleTitle ArticleTitle ArticleTitle ArticleTitle ArticleTitle ArticleTitle ArticleTitle ArticleTitle ArticleTitle ArticleTitle ArticleTitle ArticleTitle ArticleTitle ArticleTitle ArticleTitle ArticleTitle ArticleTitle ArticleTitle ArticleTitle ArticleTitle ArticleTitle ArticleTitle ArticleTitle ArticleTitle ArticleTitle ArticleTitle ArticleTitle ArticleTitle ArticleTitle ArticleTitle ArticleTitle ArticleTitle ArticleTitle ArticleTitle ArticleTitle ArticleTitle ArticleTitle ArticleTitle ArticleTitle Article  Contact was established in 2001 as the first specialized consumer financing company in Egypt. Set up as an independent, management and employee led initiative, the company has managed to secure equity financing from various sources since inception, including banks, private equity firms and individuals. Today Contact’s parent company is Sarwa Capital, the leading structure finance investment firm.   ArticleTitle ArticleTitle ArticleTitle ArticleTitle ArticleTitle ArticleTitle ArticleTitle ArticleTitle ArticleTitle ArticleTitle ArticleTitle ArticleTitle ArticleTitle ArticleTitle ArticleTitle ArticleTitle ArticleTitle ArticleTitle ArticleTitle ArticleTitle ArticleTitle ArticleTitle ArticleTitle ArticleTitle ArticleTitle ArticleTitle ArticleTitle ArticleTitle ArticleTitle ArticleTitle ArticleTitle ArticleTitle ArticleTitle ArticleTitle ArticleTitle ArticleTitle ArticleTitle ArticleTitle ArticleTitle ArticleTitle ArticleTitle ArticleTitle ArticleTitle ArticleTitle ArticleTitle ArticleTitle ArticleTitle ArticleTitle ArticleTitle ArticleTitle ArticleTitle ArticleTitle ArticleTitle ArticleTitle ArticleTitle ArticleTitle ArticleTitle ArticleTitle ArticleTitle ArticleTitle ArticleTitle Article </p>\n<!-- /wp:paragraph -->', 'ArticleTitle', '', 'trash', 'open', 'open', '', 'articletitle-2__trashed', '', '', '2020-03-13 16:50:30', '2020-03-13 16:50:30', '', 0, 'http://www.blogs.aapgsuez.net/Blog/?p=17', 0, 'post', '', 0),
(18, 1, '2020-02-25 16:42:20', '2020-02-25 16:42:20', '<!-- wp:paragraph -->\n<p>Title ArticleTitle ArticleTitle ArticleTitle ArticleTitle ArticleTitle ArticleTitle ArticleTitle ArticleTitle ArticleTitle ArticleTitle ArticleTitle ArticleTitle ArticleTitle ArticleTitle ArticleTitle ArticleTitle ArticleTitle ArticleTitle ArticleTitle ArticleTitle ArticleTitle ArticleTitle ArticleTitle ArticleTitle ArticleTitle ArticleTitle ArticleTitle ArticleTitle ArticleTitle ArticleTitle ArticleTitle ArticleTitle ArticleTitle ArticleTitle ArticleTitle ArticleTitle ArticleTitle ArticleTitle ArticleTit le ArticleTitle ArticleTitle ArticleTitle ArticleTitle ArticleTitle ArticleTitle ArticleTitle ArticleTitle ArticleTitle ArticleTitle ArticleTitle ArticleTitle ArticleTitle ArticleTitle ArticleTitle ArticleTitle ArticleTitle ArticleTitle ArticleTitle ArticleTitle ArticleTitle ArticleTitle ArticleTitle ArticleTitle ArticleTitle ArticleTitle ArticleTitle ArticleTitle ArticleTitle ArticleTitle ArticleTitle ArticleTitle ArticleTitle ArticleTitle ArticleTitle ArticleTitle ArticleTitle ArticleTitle ArticleTitle ArticleTitle ArticleTitle ArticleTitle ArticleTitle ArticleTitle ArticleTitle ArticleTitle ArticleTitle ArticleTitle ArticleTitle ArticleTitle ArticleTitle ArticleTitle ArticleTitle ArticleTitle ArticleTitle ArticleTitle ArticleTitle ArticleTitle ArticleTitle ArticleTitle ArticleTitle ArticleTitle ArticleTitle ArticleTitle ArticleTitle ArticleTitle ArticleTitle Article  le ArticleTitle ArticleTitle ArticleTitle ArticleTitle ArticleTitle ArticleTitle ArticleTitle ArticleTitle ArticleTitle ArticleTitle ArticleTitle ArticleTitle ArticleTitle ArticleTitle ArticleTitle ArticleTitle ArticleTitle ArticleTitle ArticleTitle ArticleTitle ArticleTitle ArticleTitle ArticleTitle ArticleTitle ArticleTitle ArticleTitle ArticleTitle ArticleTitle ArticleTitle ArticleTitle ArticleTitle ArticleTitle ArticleTitle ArticleTitle ArticleTitle ArticleTitle ArticleTitle ArticleTitle ArticleTitle ArticleTitle ArticleTitle ArticleTitle ArticleTitle ArticleTitle ArticleTitle ArticleTitle ArticleTitle ArticleTitle ArticleTitle ArticleTitle ArticleTitle ArticleTitle ArticleTitle ArticleTitle ArticleTitle ArticleTitle ArticleTitle ArticleTitle ArticleTitle ArticleTitle ArticleTitle ArticleTitle ArticleTitle ArticleTitle ArticleTitle ArticleTitle ArticleTitle Article </p>\n<!-- /wp:paragraph -->', 'Title Title Article', '', 'inherit', 'closed', 'closed', '', '15-revision-v1', '', '', '2020-02-25 16:42:20', '2020-02-25 16:42:20', '', 15, 'http://www.blogs.aapgsuez.net/Blog/2020/02/25/15-revision-v1/', 0, 'revision', '', 0),
(19, 1, '2020-02-25 16:43:32', '2020-02-25 16:43:32', '<!-- wp:paragraph -->\n<p> le  ArticleTitle ArticleTitle ArticleTitle ArticleTitle ArticleTitle ArticleTitle ArticleTitle ArticleTitle ArticleTitle ArticleTitle ArticleTitle ArticleTitle ArticleTitle ArticleTitle ArticleTitle ArticleTitle ArticleTitle ArticleTitle ArticleTitle ArticleTitle ArticleTitle ArticleTitle ArticleTitle ArticleTitle ArticleTitle ArticleTitle ArticleTitle ArticleTitle ArticleTitle ArticleTitle ArticleTitle ArticleTitle ArticleTitle ArticleTitle ArticleTitle ArticleTitle ArticleTitle ArticleTitle ArticleTitle ArticleTitle ArticleTitle ArticleTitle ArticleTitle ArticleTitle ArticleTitle ArticleTitle ArticleTitle ArticleTitle ArticleTitle ArticleTitle ArticleTitle ArticleTitle ArticleTitle ArticleTitle ArticleTitle ArticleTitle ArticleTitle ArticleTitle ArticleTitle ArticleTitle ArticleTitle Article Title ArticleTitle ArticleTitle ArticleTitle ArticleTitle ArticleTitle Article </p>\n<!-- /wp:paragraph -->', 'ArticleTitle', '', 'inherit', 'closed', 'closed', '', '16-revision-v1', '', '', '2020-02-25 16:43:32', '2020-02-25 16:43:32', '', 16, 'http://www.blogs.aapgsuez.net/Blog/2020/02/25/16-revision-v1/', 0, 'revision', '', 0),
(20, 1, '2020-02-25 16:43:51', '2020-02-25 16:43:51', '<!-- wp:paragraph -->\n<p>\n\n ArticleTitle ArticleTitle ArticleTitle ArticleTitle ArticleTitle ArticleTitle ArticleTitle ArticleTitle ArticleTitle ArticleTitle ArticleTitle ArticleTitle ArticleTitle ArticleTitle ArticleTitle ArticleTitle ArticleTitle ArticleTitle ArticleTitle ArticleTitle ArticleTitle ArticleTitle ArticleTitle ArticleTitle ArticleTitle ArticleTitle ArticleTitle ArticleTitle ArticleTitle ArticleTitle ArticleTitle ArticleTitle ArticleTitle ArticleTitle ArticleTitle ArticleTitle ArticleTitle ArticleTitle ArticleTitle ArticleTitle ArticleTitle ArticleTitle ArticleTitle ArticleTitle ArticleTitle ArticleTitle ArticleTitle ArticleTitle ArticleTitle ArticleTitle ArticleTitle ArticleTitle ArticleTitle ArticleTitle ArticleTitle ArticleTitle ArticleTitle ArticleTitle ArticleTitle ArticleTitle ArticleTitle Article\n\n</p>\n<!-- /wp:paragraph -->', 'ArticleTitle', '', 'inherit', 'closed', 'closed', '', '17-revision-v1', '', '', '2020-02-25 16:43:51', '2020-02-25 16:43:51', '', 17, 'http://www.blogs.aapgsuez.net/Blog/2020/02/25/17-revision-v1/', 0, 'revision', '', 0),
(22, 1, '2020-02-25 18:01:56', '2020-02-25 18:01:56', '<!-- wp:paragraph -->\n<p> Contact was established in 2001 as the first specialized consumer financing company in Egypt. Set up as an independent, management and employee led initiative, the company has managed to secure equity financing from various sources since inception, including banks, private equity firms and individuals. Today Contact’s parent company is Sarwa Capital, the leading structure finance investment firm.   ArticleTitle ArticleTitle ArticleTitle ArticleTitle ArticleTitle ArticleTitle ArticleTitle ArticleTitle ArticleTitle ArticleTitle ArticleTitle ArticleTitle ArticleTitle ArticleTitle ArticleTitle ArticleTitle ArticleTitle ArticleTitle ArticleTitle ArticleTitle ArticleTitle ArticleTitle ArticleTitle ArticleTitle ArticleTitle ArticleTitle ArticleTitle ArticleTitle ArticleTitle ArticleTitle ArticleTitle ArticleTitle ArticleTitle ArticleTitle ArticleTitle ArticleTitle ArticleTitle ArticleTitle ArticleTitle ArticleTitle ArticleTitle ArticleTitle ArticleTitle ArticleTitle ArticleTitle ArticleTitle ArticleTitle ArticleTitle ArticleTitle ArticleTitle ArticleTitle ArticleTitle ArticleTitle ArticleTitle ArticleTitle ArticleTitle ArticleTitle ArticleTitle ArticleTitle ArticleTitle ArticleTitle Article  Contact was established in 2001 as the first specialized consumer financing company in Egypt. Set up as an independent, management and employee led initiative, the company has managed to secure equity financing from various sources since inception, including banks, private equity firms and individuals. Today Contact’s parent company is Sarwa Capital, the leading structure finance investment firm.   ArticleTitle ArticleTitle ArticleTitle ArticleTitle ArticleTitle ArticleTitle ArticleTitle ArticleTitle ArticleTitle ArticleTitle ArticleTitle ArticleTitle ArticleTitle ArticleTitle ArticleTitle ArticleTitle ArticleTitle ArticleTitle ArticleTitle ArticleTitle ArticleTitle ArticleTitle ArticleTitle ArticleTitle ArticleTitle ArticleTitle ArticleTitle ArticleTitle ArticleTitle ArticleTitle ArticleTitle ArticleTitle ArticleTitle ArticleTitle ArticleTitle ArticleTitle ArticleTitle ArticleTitle ArticleTitle ArticleTitle ArticleTitle ArticleTitle ArticleTitle ArticleTitle ArticleTitle ArticleTitle ArticleTitle ArticleTitle ArticleTitle ArticleTitle ArticleTitle ArticleTitle ArticleTitle ArticleTitle ArticleTitle ArticleTitle ArticleTitle ArticleTitle ArticleTitle ArticleTitle ArticleTitle Article </p>\n<!-- /wp:paragraph -->', 'ArticleTitle', '', 'inherit', 'closed', 'closed', '', '17-revision-v1', '', '', '2020-02-25 18:01:56', '2020-02-25 18:01:56', '', 17, 'http://www.blogs.aapgsuez.net/Blog/2020/02/25/17-revision-v1/', 0, 'revision', '', 0),
(23, 1, '2020-02-25 18:02:03', '2020-02-25 18:02:03', '<!-- wp:paragraph -->\n<p>  Contact was established in 2001 as the first specialized consumer financing company in Egypt. Set up as an independent, management and employee led initiative, the company has managed to secure equity financing from various sources since inception, including banks, private equity firms and individuals. Today Contact’s parent company is Sarwa Capital, the leading structure finance investment firm. le  ArticleTitle ArticleTitle ArticleTitle ArticleTitle ArticleTitle ArticleTitle ArticleTitle ArticleTitle ArticleTitle ArticleTitle ArticleTitle ArticleTitle ArticleTitle ArticleTitle ArticleTitle ArticleTitle ArticleTitle ArticleTitle ArticleTitle ArticleTitle ArticleTitle ArticleTitle ArticleTitle ArticleTitle ArticleTitle ArticleTitle ArticleTitle ArticleTitle ArticleTitle ArticleTitle ArticleTitle ArticleTitle ArticleTitle ArticleTitle ArticleTitle ArticleTitle ArticleTitle ArticleTitle ArticleTitle ArticleTitle ArticleTitle ArticleTitle ArticleTitle ArticleTitle ArticleTitle ArticleTitle ArticleTitle ArticleTitle ArticleTitle ArticleTitle ArticleTitle ArticleTitle ArticleTitle ArticleTitle ArticleTitle ArticleTitle ArticleTitle ArticleTitle ArticleTitle ArticleTitle ArticleTitle Article Title ArticleTitle ArticleTitle ArticleTitle ArticleTitle ArticleTitle Article </p>\n<!-- /wp:paragraph -->', 'ArticleTitle', '', 'inherit', 'closed', 'closed', '', '16-revision-v1', '', '', '2020-02-25 18:02:03', '2020-02-25 18:02:03', '', 16, 'http://www.blogs.aapgsuez.net/Blog/2020/02/25/16-revision-v1/', 0, 'revision', '', 0),
(24, 1, '2020-02-25 18:02:04', '2020-02-25 18:02:04', '<!-- wp:paragraph -->\n<p> Contact was established in 2001 as the first specialized consumer financing company in Egypt. Set up as an independent, management and employee led initiative, the company has managed to secure equity financing from various sources since inception, including banks, private equity firms and individuals. Today Contact’s parent company is Sarwa Capital, the leading structure finance investment firm. Title ArticleTitle ArticleTitle ArticleTitle ArticleTitle ArticleTitle ArticleTitle ArticleTitle ArticleTitle ArticleTitle ArticleTitle ArticleTitle ArticleTitle ArticleTitle ArticleTitle ArticleTitle ArticleTitle ArticleTitle ArticleTitle ArticleTitle ArticleTitle ArticleTitle ArticleTitle ArticleTitle ArticleTitle ArticleTitle ArticleTitle ArticleTitle ArticleTitle ArticleTitle ArticleTitle ArticleTitle ArticleTitle ArticleTitle ArticleTitle ArticleTitle ArticleTitle ArticleTitle ArticleTitle ArticleTit le ArticleTitle ArticleTitle ArticleTitle ArticleTitle ArticleTitle ArticleTitle ArticleTitle ArticleTitle ArticleTitle ArticleTitle ArticleTitle ArticleTitle ArticleTitle ArticleTitle ArticleTitle ArticleTitle ArticleTitle ArticleTitle ArticleTitle ArticleTitle ArticleTitle ArticleTitle ArticleTitle ArticleTitle ArticleTitle ArticleTitle ArticleTitle ArticleTitle ArticleTitle ArticleTitle ArticleTitle ArticleTitle ArticleTitle ArticleTitle ArticleTitle ArticleTitle ArticleTitle ArticleTitle ArticleTitle ArticleTitle ArticleTitle ArticleTitle ArticleTitle ArticleTitle ArticleTitle ArticleTitle ArticleTitle ArticleTitle ArticleTitle ArticleTitle ArticleTitle ArticleTitle ArticleTitle ArticleTitle ArticleTitle ArticleTitle ArticleTitle ArticleTitle ArticleTitle ArticleTitle ArticleTitle ArticleTitle ArticleTitle ArticleTitle ArticleTitle ArticleTitle ArticleTitle Article  le ArticleTitle ArticleTitle ArticleTitle ArticleTitle ArticleTitle ArticleTitle ArticleTitle ArticleTitle ArticleTitle ArticleTitle ArticleTitle ArticleTitle ArticleTitle ArticleTitle ArticleTitle ArticleTitle ArticleTitle ArticleTitle ArticleTitle ArticleTitle ArticleTitle ArticleTitle ArticleTitle ArticleTitle ArticleTitle ArticleTitle ArticleTitle ArticleTitle ArticleTitle ArticleTitle ArticleTitle ArticleTitle ArticleTitle ArticleTitle ArticleTitle ArticleTitle ArticleTitle ArticleTitle ArticleTitle ArticleTitle ArticleTitle ArticleTitle ArticleTitle ArticleTitle ArticleTitle ArticleTitle ArticleTitle ArticleTitle ArticleTitle ArticleTitle ArticleTitle ArticleTitle ArticleTitle ArticleTitle ArticleTitle ArticleTitle ArticleTitle ArticleTitle ArticleTitle ArticleTitle ArticleTitle ArticleTitle ArticleTitle ArticleTitle ArticleTitle ArticleTitle ArticleTitle Article </p>\n<!-- /wp:paragraph -->', 'Title Title Article', '', 'inherit', 'closed', 'closed', '', '15-revision-v1', '', '', '2020-02-25 18:02:04', '2020-02-25 18:02:04', '', 15, 'http://www.blogs.aapgsuez.net/Blog/2020/02/25/15-revision-v1/', 0, 'revision', '', 0),
(25, 1, '2020-02-25 18:02:06', '2020-02-25 18:02:06', '<!-- wp:paragraph -->\n<p> Contact was established in 2001 as the first specialized consumer financing company in Egypt. Set up as an independent, management and employee led initiative, the company has managed to secure equity financing from various sources since inception, including banks, private equity firms and individuals. Today Contact’s parent company is Sarwa Capital, the leading structure finance investment firm. Content  Content  Content  Content  Content  Content  Content  Content  Content  Content  Content  Content  Content  Content  Content  Content  Content  Content  Content  Content  Content  Content  Content  Content  Content  Content  Content  Content  Cont ent  Content  Content  Content  Content  Content  Content  Content  Content  Content  Content  Content  Content  Content  Content  Content  Content  Content  Content  Content  Content  Content  Content  Content  Content  Content  Content  Content  Content  Content  Content  Content  Content  Content  Content  Content  Content  Content  Content  Content  Content  Content  Content  Content  Content  Content  Content  Content  Content  Content  Content  Content  Content  Content  Content  Content  Content  Conten  ent  Content  Content  Content  Content  Content  Content  Content  Content  Content  Content  Content  Content  Content  Content  Content  Content  Content  Content  Content  Content  Content  Content  Content  Content  Content  Content  Content  Content  Content  Content  Content  Content  Content  Content  Content  Content  Content  Content  Content  Content  Content  Content  Content  Content  Content  Content  Content  Content  Content  Content  Content  Content  Content  Content  Content  Content  Conten  ent  Content  Content  Content  Content  Content  Content  Content  Content  Content  Content  Content  Content  Content  Content  Content  Content  Content  Content  Content  Content  Content  Content  Content  Content  Content  Content  Content  Content  Content  Content  Content  Content  Content  Content  Content  Content  Content  Content  Content  Content  Content  Content  Content  Content  Content  Content  Content  Content  Content  Content  Content  Content  Content  Content  Content  Content  Conten  ent  Content  Content  Content  Content  Content  Content  Content  Content  Content  Content  Content  Content  Content  Content  Content  Content  Content  Content  Content  Content  Content  Content  Content  Content  Content  Content  Content  Content  Content  Content  Content  Content  Content  Content  Content  Content  Content  Content  Content  Content  Content  Content  Content  Content  Content  Content  Content  Content  Content  Content  Content  Content  Content  Content  Content  Content  Conten  ent  Content  Content  Content  Content  Content  Content  Content  Content  Content  Content  Content  Content  Content  Content  Content  Content  Content  Content  Content  Content  Content  Content  Content  Content  Content  Content  Content  Content  Content  Content  Content  Content  Content  Content  Content  Content  Content  Content  Content  Content  Content  Content  Content  Content  Content  Content  Content  Content  Content  Content  Content  Content  Content  Content  Content  Content  Conten t  Content  Content </p>\n<!-- /wp:paragraph -->\n\n<!-- wp:image {\"id\":12} -->\n<figure class=\"wp-block-image\"><img src=\"http://www.blogs.aapgsuez.net/Blog/wp-content/uploads/2020/02/PACE-copy-1024x461.jpg\" alt=\"\" class=\"wp-image-12\"/></figure>\n<!-- /wp:image -->\n\n<!-- wp:paragraph -->\n<p> ent  Content  Content  Content  Content  Content  Content  Content  Content  Content  Content  Content  Content  Content  Content  Content  Content  Content  Content  Content  Content  Content  Content  Content  Content  Content  Content  Content  Content  Conten  ent  Content  Content  Content  Content  Content  Content  Content  Content  Content  Content  Content  Content  Content  Content  Content  Content  Content  Content  Content  Content  Content  Content  Content  Content  Content  Content  Content  Content  Content  Content  Content  Content  Content  Content  Content  Content  Content  Content  Content  Content  Content  Content  Content  Content </p>\n<!-- /wp:paragraph -->', 'Title Article', '', 'inherit', 'closed', 'closed', '', '11-revision-v1', '', '', '2020-02-25 18:02:06', '2020-02-25 18:02:06', '', 11, 'http://www.blogs.aapgsuez.net/Blog/2020/02/25/11-revision-v1/', 0, 'revision', '', 0),
(27, 1, '2020-03-05 20:48:28', '2020-03-05 20:48:28', ' ', '', '', 'publish', 'closed', 'closed', '', '27', '', '', '2020-03-15 06:33:53', '2020-03-15 06:33:53', '', 0, 'http://www.blogs.aapgsuez.net/Blog/?p=27', 5, 'nav_menu_item', '', 0),
(28, 1, '2020-03-05 20:48:28', '2020-03-05 20:48:28', ' ', '', '', 'publish', 'closed', 'closed', '', '28', '', '', '2020-03-15 06:33:53', '2020-03-15 06:33:53', '', 0, 'http://www.blogs.aapgsuez.net/Blog/?p=28', 4, 'nav_menu_item', '', 0),
(29, 1, '2020-03-05 20:48:28', '2020-03-05 20:48:28', '', '<i class=\"fa fa-list\"></i> Scientific Articles', '', 'publish', 'closed', 'closed', '', 'scientific-articles', '', '', '2020-03-15 06:33:53', '2020-03-15 06:33:53', '', 0, 'http://www.blogs.aapgsuez.net/Blog/?p=29', 3, 'nav_menu_item', '', 0),
(31, 1, '2020-03-13 16:57:57', '2020-03-13 16:57:57', '<!-- wp:paragraph -->\n<p> Pressure is one of the main concepts for a petroleum engineer because it affects every decision he takes in every stage of well life. Hydrostatic, overburden, pore pressure are the main types of pressure but we’ll concentrate on pore pressure especially abnormal pressure. This type of pressure is the reason why surface control equipment are extremely important.Geological, geochemical, geophysical, mechanical factors are classified as follows to indicate how abnormal case occurs in wells: depositional effects, diagenetic processes, tectonic effects, structural causes, thermodynamic effects.</p>\n<!-- /wp:paragraph -->', 'Abnormal pore pressure', '', 'trash', 'open', 'open', '', '__trashed', '', '', '2020-03-13 16:57:57', '2020-03-13 16:57:57', '', 0, 'http://www.blogs.aapgsuez.net/Blog/?p=31', 0, 'post', '', 0),
(32, 1, '2020-03-13 16:56:05', '2020-03-13 16:56:05', '<!-- wp:paragraph -->\n<p> Pressure is one of the main concepts for a petroleum engineer because it affects every decision he takes in every stage of well life. Hydrostatic, overburden, pore pressure are the main types of pressure but we’ll concentrate on pore pressure especially abnormal pressure. This type of pressure is the reason why surface control equipment are extremely important.Geological, geochemical, geophysical, mechanical factors are classified as follows to indicate how abnormal case occurs in wells: depositional effects, diagenetic processes, tectonic effects, structural causes, thermodynamic effects.</p>\n<!-- /wp:paragraph -->', 'Abnormal pore pressure', '', 'inherit', 'closed', 'closed', '', '31-revision-v1', '', '', '2020-03-13 16:56:05', '2020-03-13 16:56:05', '', 31, 'http://www.blogs.aapgsuez.net/Blog/2020/03/13/31-revision-v1/', 0, 'revision', '', 0);
INSERT INTO `blogposts` (`ID`, `post_author`, `post_date`, `post_date_gmt`, `post_content`, `post_title`, `post_excerpt`, `post_status`, `comment_status`, `ping_status`, `post_password`, `post_name`, `to_ping`, `pinged`, `post_modified`, `post_modified_gmt`, `post_content_filtered`, `post_parent`, `guid`, `menu_order`, `post_type`, `post_mime_type`, `comment_count`) VALUES
(34, 2, '2020-03-13 17:48:12', '2020-03-13 17:48:12', '<!-- wp:paragraph -->\n<p> Pressure is one of the main concepts for a petroleum engineer because it affects every decision he takes in every stage of well life. Hydrostatic, overburden, pore pressure are the main types of pressure but we’ll concentrate on pore pressure especially abnormal pressure. This type of pressure is the reason why surface control equipment are extremely important.Geological, geochemical, geophysical, mechanical factors are classified as follows to indicate how abnormal case occurs in wells: depositional effects, diagenetic processes, tectonic effects, structural causes, thermodynamic effects. </p>\n<!-- /wp:paragraph -->\n\n<!-- wp:heading {\"level\":3} -->\n<h3> Definitions: </h3>\n<!-- /wp:heading -->\n\n<!-- wp:paragraph -->\n<p><strong>Hydrostatic pressure:</strong> It is the pressure exerted by column of fluids in the well pore.</p>\n<!-- /wp:paragraph -->\n\n<!-- wp:paragraph -->\n<p><strong>Pore pressure:</strong> It is the pressure acting on fluids in pore spaces of rocks.</p>\n<!-- /wp:paragraph -->\n\n<!-- wp:heading {\"level\":4} -->\n<h4>It has three types:</h4>\n<!-- /wp:heading -->\n\n<!-- wp:list {\"ordered\":true} -->\n<ol><li><strong>Normal pore pressure:</strong>&nbsp;When the pore pressure is equal to hydrostatic pressure.&nbsp;P<sub>f</sub>&nbsp;= P<sub>h</sub></li><li><strong>Subnormal pore pressure:</strong>&nbsp;When the pore pressure is less than hydrostatic pressure.&nbsp;P<sub>f</sub>&nbsp;&lt; P<sub>h</sub></li><li><strong>Abnormal pore pressure:</strong>&nbsp;When the pore pressure is more than hydrostatic pressure.&nbsp;P<sub>f</sub>&nbsp;&gt; P<sub>h</sub></li></ol>\n<!-- /wp:list -->\n\n<!-- wp:heading {\"level\":3} -->\n<h3> Causes of abnormal pore pressure: </h3>\n<!-- /wp:heading -->\n\n<!-- wp:paragraph -->\n<p> After 3D seismic data is acquired, it needs to be processed to be ready for interpretation as the image is blurred. Data processing includes filtering, stacking and migrating and other forms of computer analysis. As computers have become more powerful and processing techniques more developed, it has become common to re-process seismic data acquired in earlier years, creating new opportunities for exploration that could not originally be derived from the 3D data. Processing of one 3D seismic survey may take months and cost a lot of money. </p>\n<!-- /wp:paragraph -->\n\n<!-- wp:heading {\"level\":4} -->\n<h4> Depositional effects: </h4>\n<!-- /wp:heading -->\n\n<!-- wp:image {\"align\":\"center\",\"id\":35,\"sizeSlug\":\"large\"} -->\n<div class=\"wp-block-image\"><figure class=\"aligncenter size-large\"><img src=\"http://www.blogs.aapgsuez.net/Blog/wp-content/uploads/2020/03/Capture.jpg\" alt=\"\" class=\"wp-image-35\"/></figure></div>\n<!-- /wp:image -->\n\n<!-- wp:heading {\"level\":4} -->\n<h4> Undercompaction: </h4>\n<!-- /wp:heading -->\n\n<!-- wp:paragraph -->\n<p>\n\nFirst, one must know how normal compaction occurs; as sediments are deposited, other sediments form layers above them causing their volume to decrease then pressure is further increasing and as a result sediments reorganize their grains so porosity decreases depending on amount of fluids n pore spaces. Normal compaction leaves the pore fluids in normal pore pressure.</p>\n<!-- /wp:paragraph -->\n\n<!-- wp:paragraph -->\n<p>So, how does undercompaction occurs?<br>When sediments are deposited but in a fast rate, fluids will not have a chance to leave pore spaces.so fluids are trapped and cannot respond to the increase in pressure by flowing out causing the pressure to increase (abnormal pressure). To make it further clear, the increase in the rate of sedimentation or reduction of fluid expulsion by decreased permeability or blocking passages for fluids to flow by evaporites as example; totally impermeable for fluids or blocked by salt; no porosity, no permeability therefore can be a perfect seal, are the reasons why abnormal pressure may exist because fluids begin to support the increasing weight of overlying layers of sediments.Clay or shale undercompaction is common in Gulf of Mexico, Papua New Guinea and North Sea. Southern North Sea gas reservoirs owe their existence to Zechstein salt.\n\n</p>\n<!-- /wp:paragraph -->\n\n<!-- wp:heading {\"level\":4} -->\n<h4> Diagenetic processes: </h4>\n<!-- /wp:heading -->\n\n<!-- wp:paragraph -->\n<p> After deposition, both pressure and temperature may change in a way that will cause recrystallization or formation of new minerals or water generation.so, the new minerals will have different properties especially sealing ones and water will not have a way to escape.<br>Claydiagenesis(conversion of Smectite to Illite) as example:<br>Marine clays consists mainly of Smectite clays of which montomorillonite is by far the most common. Montomorillonite consists mainly of water in pore spaces or interlayer water between clay platelets. As compaction occurs due to burial, water in pore spaces is expelled and interlayer water takes its place causing the structure of clays to change.high temperature, high pressure, existence of potassium help conversion of Smectite to Illite to occur.In the North Sea, this process occur at 90-100 deg C and 6500-9750 ft. </p>\n<!-- /wp:paragraph -->\n\n<!-- wp:heading {\"level\":4} -->\n<h4> Tectonic effects: </h4>\n<!-- /wp:heading -->\n\n<!-- wp:paragraph -->\n<p>Folding, faulting, uplift can cause abnormal pressures. But how? Let’s see.<br>Folding:<br>Simply, horizontal stresses form folds but if these stresses increase, the fluids will be expelled. By the same way described above, if a seal prevents fluids from escaping, fluids will be over pressurized and abnormal conditions will show. Southern Iran (AgharJari fields),Tapungato field in Argentina are examples.<br>Faulting:<br>As layers move on the fault plane, impermeable layer may face another one which is permeable. If compaction affects the permeable layer, no fluids will be able to escape.<br>Uplift:<br>If a normally pressured formation is uplifted to a shallower depth then the formation will appear to have an abnormal pressure due to the fact that the formation pressure has more hydrostatic pressure than a corresponding normally pressured zone at the same depth.</p>\n<!-- /wp:paragraph -->\n\n<!-- wp:heading {\"level\":4} -->\n<h4> Structural causes: </h4>\n<!-- /wp:heading -->\n\n<!-- wp:paragraph -->\n<p>Different densities of water, oil and gas in reservoir structure may cause abnormal pressure especially in lenticular, dipping, anticlinal reservoirs. In dipping reservoirs, formation pressure behind water zone will be transmitted to updip part of the reservoir.</p>\n<!-- /wp:paragraph -->\n\n<!-- wp:heading {\"level\":4} -->\n<h4> Thermodynamic processes: </h4>\n<!-- /wp:heading -->\n\n<!-- wp:paragraph -->\n<p> They are helping factors to above mentioned factors.as example, thermal cracking of oil into gas may result in abnormal pressures.at high temperatures, complex hydrocarbons like kerogen will break down into simpler components.Because of thermal cracking, volume of hydrocarbons increases especially in a sealed environment. Fields of such type exist in central North Sea. </p>\n<!-- /wp:paragraph -->\n\n<!-- wp:heading {\"level\":3} -->\n<h3> Abnormal pore pressure evaluation: </h3>\n<!-- /wp:heading -->\n\n<!-- wp:image {\"align\":\"center\",\"id\":36,\"sizeSlug\":\"large\"} -->\n<div class=\"wp-block-image\"><figure class=\"aligncenter size-large\"><img src=\"http://www.blogs.aapgsuez.net/Blog/wp-content/uploads/2020/03/Capture2.jpg\" alt=\"\" class=\"wp-image-36\"/></figure></div>\n<!-- /wp:image -->\n\n<!-- wp:paragraph -->\n<p>Being important and one do not want to see a picture like this one in reality, abnormal pressures are carefully evaluated.<br>Basic techniques used to detect pressure are:<br></p>\n<!-- /wp:paragraph -->\n\n<!-- wp:list -->\n<ul><li><strong>Mud logging method.</strong></li><li><strong>Measurement while drilling.</strong></li><li><strong>Wireline logging methods.</strong></li><li><strong>DST, Production tests and RFT.</strong></li></ul>\n<!-- /wp:list -->\n\n<!-- wp:paragraph -->\n<p>We have discussed abnormal pore pressure; causes and methods of evaluation.it was a serious problem for the oil industry in its early days but up-to-date techniques help prevent large problems because of abnormal pressures. Safety is important in oil industry so engineers give due care to abnormal pressures.\n\n</p>\n<!-- /wp:paragraph -->\n\n<!-- wp:heading {\"level\":3} -->\n<h3><strong>References:</strong></h3>\n<!-- /wp:heading -->\n\n<!-- wp:list -->\n<ul><li> Well engineering and construction by HussianRabia. </li></ul>\n<!-- /wp:list -->', 'Abnormal pore pressure', '', 'publish', 'open', 'open', '', 'abnormal-pore-pressure', '', '', '2020-03-13 17:54:28', '2020-03-13 17:54:28', '', 0, 'http://www.blogs.aapgsuez.net/Blog/?p=34', 0, 'post', '', 0),
(35, 2, '2020-03-13 17:40:12', '2020-03-13 17:40:12', '', 'Capture', '', 'inherit', 'open', 'closed', '', 'capture', '', '', '2020-03-13 17:40:12', '2020-03-13 17:40:12', '', 34, 'http://www.blogs.aapgsuez.net/Blog/wp-content/uploads/2020/03/Capture.jpg', 0, 'attachment', 'image/jpeg', 0),
(36, 2, '2020-03-13 17:44:23', '2020-03-13 17:44:23', '', 'Capture2', '', 'inherit', 'open', 'closed', '', 'capture2', '', '', '2020-03-13 17:44:23', '2020-03-13 17:44:23', '', 34, 'http://www.blogs.aapgsuez.net/Blog/wp-content/uploads/2020/03/Capture2.jpg', 0, 'attachment', 'image/jpeg', 0),
(37, 2, '2020-03-13 17:45:51', '2020-03-13 17:45:51', '', '1', '', 'inherit', 'open', 'closed', '', '1', '', '', '2020-03-13 17:45:51', '2020-03-13 17:45:51', '', 34, 'http://www.blogs.aapgsuez.net/Blog/wp-content/uploads/2020/03/1.jpg', 0, 'attachment', 'image/jpeg', 0),
(38, 2, '2020-03-13 17:47:02', '2020-03-13 17:47:02', '', '1', '', 'inherit', 'open', 'closed', '', '1-2', '', '', '2020-03-13 17:47:02', '2020-03-13 17:47:02', '', 34, 'http://www.blogs.aapgsuez.net/Blog/wp-content/uploads/2020/03/1-1.jpg', 0, 'attachment', 'image/jpeg', 0),
(39, 2, '2020-03-13 17:47:04', '2020-03-13 17:47:04', '', '2', '', 'inherit', 'open', 'closed', '', '2', '', '', '2020-03-13 17:47:04', '2020-03-13 17:47:04', '', 34, 'http://www.blogs.aapgsuez.net/Blog/wp-content/uploads/2020/03/2.jpg', 0, 'attachment', 'image/jpeg', 0),
(40, 2, '2020-03-13 17:47:06', '2020-03-13 17:47:06', '', '3', '', 'inherit', 'open', 'closed', '', '3', '', '', '2020-03-13 17:47:06', '2020-03-13 17:47:06', '', 34, 'http://www.blogs.aapgsuez.net/Blog/wp-content/uploads/2020/03/3.jpg', 0, 'attachment', 'image/jpeg', 0),
(41, 2, '2020-03-13 17:47:08', '2020-03-13 17:47:08', '', '4', '', 'inherit', 'open', 'closed', '', '4', '', '', '2020-03-13 17:47:08', '2020-03-13 17:47:08', '', 34, 'http://www.blogs.aapgsuez.net/Blog/wp-content/uploads/2020/03/4.jpg', 0, 'attachment', 'image/jpeg', 0),
(42, 2, '2020-03-13 17:47:10', '2020-03-13 17:47:10', '', '5', '', 'inherit', 'open', 'closed', '', '5', '', '', '2020-03-13 17:47:10', '2020-03-13 17:47:10', '', 34, 'http://www.blogs.aapgsuez.net/Blog/wp-content/uploads/2020/03/5.jpg', 0, 'attachment', 'image/jpeg', 0),
(43, 2, '2020-03-13 17:47:12', '2020-03-13 17:47:12', '', '6', '', 'inherit', 'open', 'closed', '', '6', '', '', '2020-03-13 17:47:12', '2020-03-13 17:47:12', '', 34, 'http://www.blogs.aapgsuez.net/Blog/wp-content/uploads/2020/03/6.jpg', 0, 'attachment', 'image/jpeg', 0),
(44, 2, '2020-03-13 17:47:13', '2020-03-13 17:47:13', '', '7', '', 'inherit', 'open', 'closed', '', '7', '', '', '2020-03-13 17:47:13', '2020-03-13 17:47:13', '', 34, 'http://www.blogs.aapgsuez.net/Blog/wp-content/uploads/2020/03/7.jpg', 0, 'attachment', 'image/jpeg', 0),
(45, 2, '2020-03-13 17:47:15', '2020-03-13 17:47:15', '', '8', '', 'inherit', 'open', 'closed', '', '8', '', '', '2020-03-13 17:47:15', '2020-03-13 17:47:15', '', 34, 'http://www.blogs.aapgsuez.net/Blog/wp-content/uploads/2020/03/8.jpg', 0, 'attachment', 'image/jpeg', 0),
(46, 2, '2020-03-13 17:47:17', '2020-03-13 17:47:17', '', '9', '', 'inherit', 'open', 'closed', '', '9', '', '', '2020-03-13 17:47:17', '2020-03-13 17:47:17', '', 34, 'http://www.blogs.aapgsuez.net/Blog/wp-content/uploads/2020/03/9.jpg', 0, 'attachment', 'image/jpeg', 0),
(47, 2, '2020-03-13 17:47:19', '2020-03-13 17:47:19', '', '10', '', 'inherit', 'open', 'closed', '', '10', '', '', '2020-03-13 17:47:19', '2020-03-13 17:47:19', '', 34, 'http://www.blogs.aapgsuez.net/Blog/wp-content/uploads/2020/03/10.jpg', 0, 'attachment', 'image/jpeg', 0),
(48, 2, '2020-03-13 17:47:22', '2020-03-13 17:47:22', '', '11', '', 'inherit', 'open', 'closed', '', '11', '', '', '2020-03-13 17:47:22', '2020-03-13 17:47:22', '', 34, 'http://www.blogs.aapgsuez.net/Blog/wp-content/uploads/2020/03/11.jpg', 0, 'attachment', 'image/jpeg', 0),
(49, 2, '2020-03-13 17:47:24', '2020-03-13 17:47:24', '', '12', '', 'inherit', 'open', 'closed', '', '12', '', '', '2020-03-13 17:47:24', '2020-03-13 17:47:24', '', 34, 'http://www.blogs.aapgsuez.net/Blog/wp-content/uploads/2020/03/12.jpg', 0, 'attachment', 'image/jpeg', 0),
(50, 2, '2020-03-13 17:47:26', '2020-03-13 17:47:26', 'Your main goal at the oil field is to keep yourself safe and health. HSE-knowledge can help you to achieve this. If it is your first time to hear about HSE, it refers to “health, safety and environment” which they are indispensable for anyone who works in petroleum industry. Everything will be ok if only you have a good knowledge and awareness.\nAchieving safety in work place is the responsibility of employers and employees. Employers should provide safety equipment and training. Employees should apply safety inductions.', '13', 'HSE', 'inherit', 'open', 'closed', '', '13', '', '', '2020-03-13 18:00:56', '2020-03-13 18:00:56', '', 34, 'http://www.blogs.aapgsuez.net/Blog/wp-content/uploads/2020/03/13.jpg', 0, 'attachment', 'image/jpeg', 0),
(51, 2, '2020-03-13 17:47:27', '2020-03-13 17:47:27', '', '14', '', 'inherit', 'open', 'closed', '', '14', '', '', '2020-03-13 17:47:27', '2020-03-13 17:47:27', '', 34, 'http://www.blogs.aapgsuez.net/Blog/wp-content/uploads/2020/03/14.jpg', 0, 'attachment', 'image/jpeg', 0),
(52, 2, '2020-03-13 17:47:30', '2020-03-13 17:47:30', '', '15', '', 'inherit', 'open', 'closed', '', '15', '', '', '2020-03-13 17:47:30', '2020-03-13 17:47:30', '', 34, 'http://www.blogs.aapgsuez.net/Blog/wp-content/uploads/2020/03/15.jpg', 0, 'attachment', 'image/jpeg', 0),
(53, 2, '2020-03-13 17:47:32', '2020-03-13 17:47:32', '', '16', '', 'inherit', 'open', 'closed', '', '16', '', '', '2020-03-13 17:47:32', '2020-03-13 17:47:32', '', 34, 'http://www.blogs.aapgsuez.net/Blog/wp-content/uploads/2020/03/16.jpg', 0, 'attachment', 'image/jpeg', 0),
(54, 2, '2020-03-13 17:47:34', '2020-03-13 17:47:34', '', '17', '', 'inherit', 'open', 'closed', '', '17', '', '', '2020-03-13 17:47:34', '2020-03-13 17:47:34', '', 34, 'http://www.blogs.aapgsuez.net/Blog/wp-content/uploads/2020/03/17.jpg', 0, 'attachment', 'image/jpeg', 0),
(55, 2, '2020-03-13 17:47:36', '2020-03-13 17:47:36', '', '18', '', 'inherit', 'open', 'closed', '', '18', '', '', '2020-03-13 17:47:36', '2020-03-13 17:47:36', '', 34, 'http://www.blogs.aapgsuez.net/Blog/wp-content/uploads/2020/03/18.jpg', 0, 'attachment', 'image/jpeg', 0),
(56, 2, '2020-03-13 17:48:12', '2020-03-13 17:48:12', '<!-- wp:paragraph -->\n<p> Pressure is one of the main concepts for a petroleum engineer because it affects every decision he takes in every stage of well life. Hydrostatic, overburden, pore pressure are the main types of pressure but we’ll concentrate on pore pressure especially abnormal pressure. This type of pressure is the reason why surface control equipment are extremely important.Geological, geochemical, geophysical, mechanical factors are classified as follows to indicate how abnormal case occurs in wells: depositional effects, diagenetic processes, tectonic effects, structural causes, thermodynamic effects. </p>\n<!-- /wp:paragraph -->\n\n<!-- wp:heading {\"level\":3} -->\n<h3> Definitions: </h3>\n<!-- /wp:heading -->\n\n<!-- wp:paragraph -->\n<p><strong>Hydrostatic pressure:</strong>It is the pressure exerted by column of fluids in the well pore.<strong>Pore pressure:</strong>It is the pressure acting on fluids in pore spaces of rocks.</p>\n<!-- /wp:paragraph -->\n\n<!-- wp:paragraph -->\n<p>It has three types:</p>\n<!-- /wp:paragraph -->\n\n<!-- wp:list {\"ordered\":true} -->\n<ol><li><strong>Normal pore pressure:</strong>&nbsp;When the pore pressure is equal to hydrostatic pressure.&nbsp;P<sub>f</sub>&nbsp;= P<sub>h</sub></li><li><strong>Subnormal pore pressure:</strong>&nbsp;When the pore pressure is less than hydrostatic pressure.&nbsp;P<sub>f</sub>&nbsp;&lt; P<sub>h</sub></li><li><strong>Abnormal pore pressure:</strong>&nbsp;When the pore pressure is more than hydrostatic pressure.&nbsp;P<sub>f</sub>&nbsp;&gt; P<sub>h</sub></li></ol>\n<!-- /wp:list -->\n\n<!-- wp:heading {\"level\":3} -->\n<h3> Causes of abnormal pore pressure: </h3>\n<!-- /wp:heading -->\n\n<!-- wp:paragraph -->\n<p> After 3D seismic data is acquired, it needs to be processed to be ready for interpretation as the image is blurred. Data processing includes filtering, stacking and migrating and other forms of computer analysis. As computers have become more powerful and processing techniques more developed, it has become common to re-process seismic data acquired in earlier years, creating new opportunities for exploration that could not originally be derived from the 3D data. Processing of one 3D seismic survey may take months and cost a lot of money. </p>\n<!-- /wp:paragraph -->\n\n<!-- wp:heading {\"level\":4} -->\n<h4> Depositional effects: </h4>\n<!-- /wp:heading -->\n\n<!-- wp:image {\"align\":\"center\",\"id\":35,\"sizeSlug\":\"large\"} -->\n<div class=\"wp-block-image\"><figure class=\"aligncenter size-large\"><img src=\"http://www.blogs.aapgsuez.net/Blog/wp-content/uploads/2020/03/Capture.jpg\" alt=\"\" class=\"wp-image-35\"/></figure></div>\n<!-- /wp:image -->\n\n<!-- wp:heading {\"level\":4} -->\n<h4> Undercompaction: </h4>\n<!-- /wp:heading -->\n\n<!-- wp:paragraph -->\n<p>\n\nFirst, one must know how normal compaction occurs; as sediments are deposited, other sediments form layers above them causing their volume to decrease then pressure is further increasing and as a result sediments reorganize their grains so porosity decreases depending on amount of fluids n pore spaces. Normal compaction leaves the pore fluids in normal pore pressure.</p>\n<!-- /wp:paragraph -->\n\n<!-- wp:paragraph -->\n<p>So, how does undercompaction occurs?<br>When sediments are deposited but in a fast rate, fluids will not have a chance to leave pore spaces.so fluids are trapped and cannot respond to the increase in pressure by flowing out causing the pressure to increase (abnormal pressure). To make it further clear, the increase in the rate of sedimentation or reduction of fluid expulsion by decreased permeability or blocking passages for fluids to flow by evaporites as example; totally impermeable for fluids or blocked by salt; no porosity, no permeability therefore can be a perfect seal, are the reasons why abnormal pressure may exist because fluids begin to support the increasing weight of overlying layers of sediments.Clay or shale undercompaction is common in Gulf of Mexico, Papua New Guinea and North Sea. Southern North Sea gas reservoirs owe their existence to Zechstein salt.\n\n</p>\n<!-- /wp:paragraph -->\n\n<!-- wp:heading {\"level\":4} -->\n<h4> Diagenetic processes: </h4>\n<!-- /wp:heading -->\n\n<!-- wp:paragraph -->\n<p> After deposition, both pressure and temperature may change in a way that will cause recrystallization or formation of new minerals or water generation.so, the new minerals will have different properties especially sealing ones and water will not have a way to escape.<br>Claydiagenesis(conversion of Smectite to Illite) as example:<br>Marine clays consists mainly of Smectite clays of which montomorillonite is by far the most common. Montomorillonite consists mainly of water in pore spaces or interlayer water between clay platelets. As compaction occurs due to burial, water in pore spaces is expelled and interlayer water takes its place causing the structure of clays to change.high temperature, high pressure, existence of potassium help conversion of Smectite to Illite to occur.In the North Sea, this process occur at 90-100 deg C and 6500-9750 ft. </p>\n<!-- /wp:paragraph -->\n\n<!-- wp:heading {\"level\":4} -->\n<h4> Tectonic effects: </h4>\n<!-- /wp:heading -->\n\n<!-- wp:paragraph -->\n<p>Folding, faulting, uplift can cause abnormal pressures. But how? Let’s see.<br>Folding:<br>Simply, horizontal stresses form folds but if these stresses increase, the fluids will be expelled. By the same way described above, if a seal prevents fluids from escaping, fluids will be over pressurized and abnormal conditions will show. Southern Iran (AgharJari fields),Tapungato field in Argentina are examples.<br>Faulting:<br>As layers move on the fault plane, impermeable layer may face another one which is permeable. If compaction affects the permeable layer, no fluids will be able to escape.<br>Uplift:<br>If a normally pressured formation is uplifted to a shallower depth then the formation will appear to have an abnormal pressure due to the fact that the formation pressure has more hydrostatic pressure than a corresponding normally pressured zone at the same depth.</p>\n<!-- /wp:paragraph -->\n\n<!-- wp:heading {\"level\":4} -->\n<h4> Structural causes: </h4>\n<!-- /wp:heading -->\n\n<!-- wp:paragraph -->\n<p>Different densities of water, oil and gas in reservoir structure may cause abnormal pressure especially in lenticular, dipping, anticlinal reservoirs. In dipping reservoirs, formation pressure behind water zone will be transmitted to updip part of the reservoir.</p>\n<!-- /wp:paragraph -->\n\n<!-- wp:heading {\"level\":4} -->\n<h4> Thermodynamic processes: </h4>\n<!-- /wp:heading -->\n\n<!-- wp:paragraph -->\n<p> <br>They are helping factors to above mentioned factors.as example, thermal cracking of oil into gas may result in abnormal pressures.at high temperatures, complex hydrocarbons like kerogen will break down into simpler components.Because of thermal cracking, volume of hydrocarbons increases especially in a sealed environment. Fields of such type exist in central North Sea. </p>\n<!-- /wp:paragraph -->\n\n<!-- wp:heading {\"level\":3} -->\n<h3> Abnormal pore pressure evaluation: </h3>\n<!-- /wp:heading -->\n\n<!-- wp:image {\"align\":\"center\",\"id\":36,\"sizeSlug\":\"large\"} -->\n<div class=\"wp-block-image\"><figure class=\"aligncenter size-large\"><img src=\"http://www.blogs.aapgsuez.net/Blog/wp-content/uploads/2020/03/Capture2.jpg\" alt=\"\" class=\"wp-image-36\"/></figure></div>\n<!-- /wp:image -->\n\n<!-- wp:paragraph -->\n<p>Being important and one do not want to see a picture like this one in reality, abnormal pressures are carefully evaluated.<br>Basic techniques used to detect pressure are:<br></p>\n<!-- /wp:paragraph -->\n\n<!-- wp:list -->\n<ul><li><strong>Mud logging method.</strong></li><li><strong>Measurement while drilling.</strong></li><li><strong>Wireline logging methods.</strong></li><li><strong>DST, Production tests and RFT.</strong></li></ul>\n<!-- /wp:list -->\n\n<!-- wp:paragraph -->\n<p>We have discussed abnormal pore pressure; causes and methods of evaluation.it was a serious problem for the oil industry in its early days but up-to-date techniques help prevent large problems because of abnormal pressures. Safety is important in oil industry so engineers give due care to abnormal pressures.\n\n</p>\n<!-- /wp:paragraph -->\n\n<!-- wp:heading {\"level\":3} -->\n<h3><strong>References:</strong></h3>\n<!-- /wp:heading -->\n\n<!-- wp:list -->\n<ul><li> Well engineering and construction by HussianRabia. </li></ul>\n<!-- /wp:list -->', 'Abnormal pore pressure', '', 'inherit', 'closed', 'closed', '', '34-revision-v1', '', '', '2020-03-13 17:48:12', '2020-03-13 17:48:12', '', 34, 'http://www.blogs.aapgsuez.net/Blog/2020/03/13/34-revision-v1/', 0, 'revision', '', 0),
(58, 2, '2020-03-13 17:51:28', '2020-03-13 17:51:28', '<!-- wp:paragraph -->\n<p> Pressure is one of the main concepts for a petroleum engineer because it affects every decision he takes in every stage of well life. Hydrostatic, overburden, pore pressure are the main types of pressure but we’ll concentrate on pore pressure especially abnormal pressure. This type of pressure is the reason why surface control equipment are extremely important.Geological, geochemical, geophysical, mechanical factors are classified as follows to indicate how abnormal case occurs in wells: depositional effects, diagenetic processes, tectonic effects, structural causes, thermodynamic effects. </p>\n<!-- /wp:paragraph -->\n\n<!-- wp:heading {\"level\":3} -->\n<h3> Definitions: </h3>\n<!-- /wp:heading -->\n\n<!-- wp:paragraph -->\n<p><strong>Hydrostatic pressure:</strong>It is the pressure exerted by column of fluids in the well pore.</p>\n<!-- /wp:paragraph -->\n\n<!-- wp:paragraph -->\n<p><strong>Pore pressure:</strong>It is the pressure acting on fluids in pore spaces of rocks.</p>\n<!-- /wp:paragraph -->\n\n<!-- wp:paragraph -->\n<p>It has three types:</p>\n<!-- /wp:paragraph -->\n\n<!-- wp:list {\"ordered\":true} -->\n<ol><li><strong>Normal pore pressure:</strong>&nbsp;When the pore pressure is equal to hydrostatic pressure.&nbsp;P<sub>f</sub>&nbsp;= P<sub>h</sub></li><li><strong>Subnormal pore pressure:</strong>&nbsp;When the pore pressure is less than hydrostatic pressure.&nbsp;P<sub>f</sub>&nbsp;&lt; P<sub>h</sub></li><li><strong>Abnormal pore pressure:</strong>&nbsp;When the pore pressure is more than hydrostatic pressure.&nbsp;P<sub>f</sub>&nbsp;&gt; P<sub>h</sub></li></ol>\n<!-- /wp:list -->\n\n<!-- wp:heading {\"level\":3} -->\n<h3> Causes of abnormal pore pressure: </h3>\n<!-- /wp:heading -->\n\n<!-- wp:paragraph -->\n<p> After 3D seismic data is acquired, it needs to be processed to be ready for interpretation as the image is blurred. Data processing includes filtering, stacking and migrating and other forms of computer analysis. As computers have become more powerful and processing techniques more developed, it has become common to re-process seismic data acquired in earlier years, creating new opportunities for exploration that could not originally be derived from the 3D data. Processing of one 3D seismic survey may take months and cost a lot of money. </p>\n<!-- /wp:paragraph -->\n\n<!-- wp:heading {\"level\":4} -->\n<h4> Depositional effects: </h4>\n<!-- /wp:heading -->\n\n<!-- wp:image {\"align\":\"center\",\"id\":35,\"sizeSlug\":\"large\"} -->\n<div class=\"wp-block-image\"><figure class=\"aligncenter size-large\"><img src=\"http://www.blogs.aapgsuez.net/Blog/wp-content/uploads/2020/03/Capture.jpg\" alt=\"\" class=\"wp-image-35\"/></figure></div>\n<!-- /wp:image -->\n\n<!-- wp:heading {\"level\":4} -->\n<h4> Undercompaction: </h4>\n<!-- /wp:heading -->\n\n<!-- wp:paragraph -->\n<p>\n\nFirst, one must know how normal compaction occurs; as sediments are deposited, other sediments form layers above them causing their volume to decrease then pressure is further increasing and as a result sediments reorganize their grains so porosity decreases depending on amount of fluids n pore spaces. Normal compaction leaves the pore fluids in normal pore pressure.</p>\n<!-- /wp:paragraph -->\n\n<!-- wp:paragraph -->\n<p>So, how does undercompaction occurs?<br>When sediments are deposited but in a fast rate, fluids will not have a chance to leave pore spaces.so fluids are trapped and cannot respond to the increase in pressure by flowing out causing the pressure to increase (abnormal pressure). To make it further clear, the increase in the rate of sedimentation or reduction of fluid expulsion by decreased permeability or blocking passages for fluids to flow by evaporites as example; totally impermeable for fluids or blocked by salt; no porosity, no permeability therefore can be a perfect seal, are the reasons why abnormal pressure may exist because fluids begin to support the increasing weight of overlying layers of sediments.Clay or shale undercompaction is common in Gulf of Mexico, Papua New Guinea and North Sea. Southern North Sea gas reservoirs owe their existence to Zechstein salt.\n\n</p>\n<!-- /wp:paragraph -->\n\n<!-- wp:heading {\"level\":4} -->\n<h4> Diagenetic processes: </h4>\n<!-- /wp:heading -->\n\n<!-- wp:paragraph -->\n<p> After deposition, both pressure and temperature may change in a way that will cause recrystallization or formation of new minerals or water generation.so, the new minerals will have different properties especially sealing ones and water will not have a way to escape.<br>Claydiagenesis(conversion of Smectite to Illite) as example:<br>Marine clays consists mainly of Smectite clays of which montomorillonite is by far the most common. Montomorillonite consists mainly of water in pore spaces or interlayer water between clay platelets. As compaction occurs due to burial, water in pore spaces is expelled and interlayer water takes its place causing the structure of clays to change.high temperature, high pressure, existence of potassium help conversion of Smectite to Illite to occur.In the North Sea, this process occur at 90-100 deg C and 6500-9750 ft. </p>\n<!-- /wp:paragraph -->\n\n<!-- wp:heading {\"level\":4} -->\n<h4> Tectonic effects: </h4>\n<!-- /wp:heading -->\n\n<!-- wp:paragraph -->\n<p>Folding, faulting, uplift can cause abnormal pressures. But how? Let’s see.<br>Folding:<br>Simply, horizontal stresses form folds but if these stresses increase, the fluids will be expelled. By the same way described above, if a seal prevents fluids from escaping, fluids will be over pressurized and abnormal conditions will show. Southern Iran (AgharJari fields),Tapungato field in Argentina are examples.<br>Faulting:<br>As layers move on the fault plane, impermeable layer may face another one which is permeable. If compaction affects the permeable layer, no fluids will be able to escape.<br>Uplift:<br>If a normally pressured formation is uplifted to a shallower depth then the formation will appear to have an abnormal pressure due to the fact that the formation pressure has more hydrostatic pressure than a corresponding normally pressured zone at the same depth.</p>\n<!-- /wp:paragraph -->\n\n<!-- wp:heading {\"level\":4} -->\n<h4> Structural causes: </h4>\n<!-- /wp:heading -->\n\n<!-- wp:paragraph -->\n<p>Different densities of water, oil and gas in reservoir structure may cause abnormal pressure especially in lenticular, dipping, anticlinal reservoirs. In dipping reservoirs, formation pressure behind water zone will be transmitted to updip part of the reservoir.</p>\n<!-- /wp:paragraph -->\n\n<!-- wp:heading {\"level\":4} -->\n<h4> Thermodynamic processes: </h4>\n<!-- /wp:heading -->\n\n<!-- wp:paragraph -->\n<p> <br>They are helping factors to above mentioned factors.as example, thermal cracking of oil into gas may result in abnormal pressures.at high temperatures, complex hydrocarbons like kerogen will break down into simpler components.Because of thermal cracking, volume of hydrocarbons increases especially in a sealed environment. Fields of such type exist in central North Sea. </p>\n<!-- /wp:paragraph -->\n\n<!-- wp:heading {\"level\":3} -->\n<h3> Abnormal pore pressure evaluation: </h3>\n<!-- /wp:heading -->\n\n<!-- wp:image {\"align\":\"center\",\"id\":36,\"sizeSlug\":\"large\"} -->\n<div class=\"wp-block-image\"><figure class=\"aligncenter size-large\"><img src=\"http://www.blogs.aapgsuez.net/Blog/wp-content/uploads/2020/03/Capture2.jpg\" alt=\"\" class=\"wp-image-36\"/></figure></div>\n<!-- /wp:image -->\n\n<!-- wp:paragraph -->\n<p>Being important and one do not want to see a picture like this one in reality, abnormal pressures are carefully evaluated.<br>Basic techniques used to detect pressure are:<br></p>\n<!-- /wp:paragraph -->\n\n<!-- wp:list -->\n<ul><li><strong>Mud logging method.</strong></li><li><strong>Measurement while drilling.</strong></li><li><strong>Wireline logging methods.</strong></li><li><strong>DST, Production tests and RFT.</strong></li></ul>\n<!-- /wp:list -->\n\n<!-- wp:paragraph -->\n<p>We have discussed abnormal pore pressure; causes and methods of evaluation.it was a serious problem for the oil industry in its early days but up-to-date techniques help prevent large problems because of abnormal pressures. Safety is important in oil industry so engineers give due care to abnormal pressures.\n\n</p>\n<!-- /wp:paragraph -->\n\n<!-- wp:heading {\"level\":3} -->\n<h3><strong>References:</strong></h3>\n<!-- /wp:heading -->\n\n<!-- wp:list -->\n<ul><li> Well engineering and construction by HussianRabia. </li></ul>\n<!-- /wp:list -->', 'Abnormal pore pressure', '', 'inherit', 'closed', 'closed', '', '34-revision-v1', '', '', '2020-03-13 17:51:28', '2020-03-13 17:51:28', '', 34, 'http://www.blogs.aapgsuez.net/Blog/2020/03/13/34-revision-v1/', 0, 'revision', '', 0),
(59, 2, '2020-03-13 17:51:54', '2020-03-13 17:51:54', '<!-- wp:paragraph -->\n<p> Pressure is one of the main concepts for a petroleum engineer because it affects every decision he takes in every stage of well life. Hydrostatic, overburden, pore pressure are the main types of pressure but we’ll concentrate on pore pressure especially abnormal pressure. This type of pressure is the reason why surface control equipment are extremely important.Geological, geochemical, geophysical, mechanical factors are classified as follows to indicate how abnormal case occurs in wells: depositional effects, diagenetic processes, tectonic effects, structural causes, thermodynamic effects. </p>\n<!-- /wp:paragraph -->\n\n<!-- wp:heading {\"level\":3} -->\n<h3> Definitions: </h3>\n<!-- /wp:heading -->\n\n<!-- wp:paragraph -->\n<p><strong>Hydrostatic pressure:</strong> It is the pressure exerted by column of fluids in the well pore.</p>\n<!-- /wp:paragraph -->\n\n<!-- wp:paragraph -->\n<p><strong>Pore pressure:</strong> It is the pressure acting on fluids in pore spaces of rocks.</p>\n<!-- /wp:paragraph -->\n\n<!-- wp:paragraph -->\n<p>It has three types:</p>\n<!-- /wp:paragraph -->\n\n<!-- wp:list {\"ordered\":true} -->\n<ol><li><strong>Normal pore pressure:</strong>&nbsp;When the pore pressure is equal to hydrostatic pressure.&nbsp;P<sub>f</sub>&nbsp;= P<sub>h</sub></li><li><strong>Subnormal pore pressure:</strong>&nbsp;When the pore pressure is less than hydrostatic pressure.&nbsp;P<sub>f</sub>&nbsp;&lt; P<sub>h</sub></li><li><strong>Abnormal pore pressure:</strong>&nbsp;When the pore pressure is more than hydrostatic pressure.&nbsp;P<sub>f</sub>&nbsp;&gt; P<sub>h</sub></li></ol>\n<!-- /wp:list -->\n\n<!-- wp:heading {\"level\":3} -->\n<h3> Causes of abnormal pore pressure: </h3>\n<!-- /wp:heading -->\n\n<!-- wp:paragraph -->\n<p> After 3D seismic data is acquired, it needs to be processed to be ready for interpretation as the image is blurred. Data processing includes filtering, stacking and migrating and other forms of computer analysis. As computers have become more powerful and processing techniques more developed, it has become common to re-process seismic data acquired in earlier years, creating new opportunities for exploration that could not originally be derived from the 3D data. Processing of one 3D seismic survey may take months and cost a lot of money. </p>\n<!-- /wp:paragraph -->\n\n<!-- wp:heading {\"level\":4} -->\n<h4> Depositional effects: </h4>\n<!-- /wp:heading -->\n\n<!-- wp:image {\"align\":\"center\",\"id\":35,\"sizeSlug\":\"large\"} -->\n<div class=\"wp-block-image\"><figure class=\"aligncenter size-large\"><img src=\"http://www.blogs.aapgsuez.net/Blog/wp-content/uploads/2020/03/Capture.jpg\" alt=\"\" class=\"wp-image-35\"/></figure></div>\n<!-- /wp:image -->\n\n<!-- wp:heading {\"level\":4} -->\n<h4> Undercompaction: </h4>\n<!-- /wp:heading -->\n\n<!-- wp:paragraph -->\n<p>\n\nFirst, one must know how normal compaction occurs; as sediments are deposited, other sediments form layers above them causing their volume to decrease then pressure is further increasing and as a result sediments reorganize their grains so porosity decreases depending on amount of fluids n pore spaces. Normal compaction leaves the pore fluids in normal pore pressure.</p>\n<!-- /wp:paragraph -->\n\n<!-- wp:paragraph -->\n<p>So, how does undercompaction occurs?<br>When sediments are deposited but in a fast rate, fluids will not have a chance to leave pore spaces.so fluids are trapped and cannot respond to the increase in pressure by flowing out causing the pressure to increase (abnormal pressure). To make it further clear, the increase in the rate of sedimentation or reduction of fluid expulsion by decreased permeability or blocking passages for fluids to flow by evaporites as example; totally impermeable for fluids or blocked by salt; no porosity, no permeability therefore can be a perfect seal, are the reasons why abnormal pressure may exist because fluids begin to support the increasing weight of overlying layers of sediments.Clay or shale undercompaction is common in Gulf of Mexico, Papua New Guinea and North Sea. Southern North Sea gas reservoirs owe their existence to Zechstein salt.\n\n</p>\n<!-- /wp:paragraph -->\n\n<!-- wp:heading {\"level\":4} -->\n<h4> Diagenetic processes: </h4>\n<!-- /wp:heading -->\n\n<!-- wp:paragraph -->\n<p> After deposition, both pressure and temperature may change in a way that will cause recrystallization or formation of new minerals or water generation.so, the new minerals will have different properties especially sealing ones and water will not have a way to escape.<br>Claydiagenesis(conversion of Smectite to Illite) as example:<br>Marine clays consists mainly of Smectite clays of which montomorillonite is by far the most common. Montomorillonite consists mainly of water in pore spaces or interlayer water between clay platelets. As compaction occurs due to burial, water in pore spaces is expelled and interlayer water takes its place causing the structure of clays to change.high temperature, high pressure, existence of potassium help conversion of Smectite to Illite to occur.In the North Sea, this process occur at 90-100 deg C and 6500-9750 ft. </p>\n<!-- /wp:paragraph -->\n\n<!-- wp:heading {\"level\":4} -->\n<h4> Tectonic effects: </h4>\n<!-- /wp:heading -->\n\n<!-- wp:paragraph -->\n<p>Folding, faulting, uplift can cause abnormal pressures. But how? Let’s see.<br>Folding:<br>Simply, horizontal stresses form folds but if these stresses increase, the fluids will be expelled. By the same way described above, if a seal prevents fluids from escaping, fluids will be over pressurized and abnormal conditions will show. Southern Iran (AgharJari fields),Tapungato field in Argentina are examples.<br>Faulting:<br>As layers move on the fault plane, impermeable layer may face another one which is permeable. If compaction affects the permeable layer, no fluids will be able to escape.<br>Uplift:<br>If a normally pressured formation is uplifted to a shallower depth then the formation will appear to have an abnormal pressure due to the fact that the formation pressure has more hydrostatic pressure than a corresponding normally pressured zone at the same depth.</p>\n<!-- /wp:paragraph -->\n\n<!-- wp:heading {\"level\":4} -->\n<h4> Structural causes: </h4>\n<!-- /wp:heading -->\n\n<!-- wp:paragraph -->\n<p>Different densities of water, oil and gas in reservoir structure may cause abnormal pressure especially in lenticular, dipping, anticlinal reservoirs. In dipping reservoirs, formation pressure behind water zone will be transmitted to updip part of the reservoir.</p>\n<!-- /wp:paragraph -->\n\n<!-- wp:heading {\"level\":4} -->\n<h4> Thermodynamic processes: </h4>\n<!-- /wp:heading -->\n\n<!-- wp:paragraph -->\n<p> <br>They are helping factors to above mentioned factors.as example, thermal cracking of oil into gas may result in abnormal pressures.at high temperatures, complex hydrocarbons like kerogen will break down into simpler components.Because of thermal cracking, volume of hydrocarbons increases especially in a sealed environment. Fields of such type exist in central North Sea. </p>\n<!-- /wp:paragraph -->\n\n<!-- wp:heading {\"level\":3} -->\n<h3> Abnormal pore pressure evaluation: </h3>\n<!-- /wp:heading -->\n\n<!-- wp:image {\"align\":\"center\",\"id\":36,\"sizeSlug\":\"large\"} -->\n<div class=\"wp-block-image\"><figure class=\"aligncenter size-large\"><img src=\"http://www.blogs.aapgsuez.net/Blog/wp-content/uploads/2020/03/Capture2.jpg\" alt=\"\" class=\"wp-image-36\"/></figure></div>\n<!-- /wp:image -->\n\n<!-- wp:paragraph -->\n<p>Being important and one do not want to see a picture like this one in reality, abnormal pressures are carefully evaluated.<br>Basic techniques used to detect pressure are:<br></p>\n<!-- /wp:paragraph -->\n\n<!-- wp:list -->\n<ul><li><strong>Mud logging method.</strong></li><li><strong>Measurement while drilling.</strong></li><li><strong>Wireline logging methods.</strong></li><li><strong>DST, Production tests and RFT.</strong></li></ul>\n<!-- /wp:list -->\n\n<!-- wp:paragraph -->\n<p>We have discussed abnormal pore pressure; causes and methods of evaluation.it was a serious problem for the oil industry in its early days but up-to-date techniques help prevent large problems because of abnormal pressures. Safety is important in oil industry so engineers give due care to abnormal pressures.\n\n</p>\n<!-- /wp:paragraph -->\n\n<!-- wp:heading {\"level\":3} -->\n<h3><strong>References:</strong></h3>\n<!-- /wp:heading -->\n\n<!-- wp:list -->\n<ul><li> Well engineering and construction by HussianRabia. </li></ul>\n<!-- /wp:list -->', 'Abnormal pore pressure', '', 'inherit', 'closed', 'closed', '', '34-revision-v1', '', '', '2020-03-13 17:51:54', '2020-03-13 17:51:54', '', 34, 'http://www.blogs.aapgsuez.net/Blog/2020/03/13/34-revision-v1/', 0, 'revision', '', 0);
INSERT INTO `blogposts` (`ID`, `post_author`, `post_date`, `post_date_gmt`, `post_content`, `post_title`, `post_excerpt`, `post_status`, `comment_status`, `ping_status`, `post_password`, `post_name`, `to_ping`, `pinged`, `post_modified`, `post_modified_gmt`, `post_content_filtered`, `post_parent`, `guid`, `menu_order`, `post_type`, `post_mime_type`, `comment_count`) VALUES
(60, 2, '2020-03-13 18:04:14', '2020-03-13 18:04:14', '<!-- wp:paragraph -->\n<p>Stress, The geothermal gradient, Folding and faulting and how horizontally-directed plate motions cause vertical uplift are the main reasons for rocks deformation. When sedimentary rocks deform, deformation causes some structures to form, many of them are traps for oil accumulation known as structural traps.so we will discuss these structures then we will show which one can form a trap. </p>\n<!-- /wp:paragraph -->\n\n<!-- wp:heading {\"level\":3} -->\n<h3> Weathering, Erosion, and Unconformities </h3>\n<!-- /wp:heading -->\n\n<!-- wp:image {\"align\":\"center\",\"id\":63,\"sizeSlug\":\"large\"} -->\n<div class=\"wp-block-image\"><figure class=\"aligncenter size-large\"><img src=\"http://www.blogs.aapgsuez.net/Blog/wp-content/uploads/2020/03/angular-unconformity.png\" alt=\"\" class=\"wp-image-63\"/></figure></div>\n<!-- /wp:image -->\n\n<!-- wp:paragraph -->\n<p>Break, transport then rest is the right description of these three geological events. Rocks are broken down and chemically dissolved through weathering .this occurs when rocks are subjected to the atmosphere and ocean bottom. Rivers, wind, waves, gravity (landslides), and glaciers transport and deposit these sediments in a process called erosion. If both weathering and erosion stops for a period of time then starts again forming new layers of sedimentary rocks, the buried erosional or non-depositional surface separating two rock masses or strata of different ages is called unconformity surface.<br>Unconformity comes in variety of ways. Disconformity occurs between sedimentary rocks whereas Nonconformity occurs between sedimentary and igneous or metamorphic rocks. Angular unconformity is an ancient erosional surface in which the sedimentary rock layers below the unconformity are tilted at an angle to the layers above the unconformity. Blended unconformity is a type of disconformity or nonconformity with no distinct separation plane or contact, sometimes consisting of soils, paleosols, or beds of pebbles derived from the underlying rock. A paraconformity is a type of unconformity in which strata are parallel; there is no apparent erosion and the unconformity surface resembles a simple bedding plane. </p>\n<!-- /wp:paragraph -->\n\n<!-- wp:heading {\"level\":3} -->\n<h3> Anticlines and Synclines </h3>\n<!-- /wp:heading -->\n\n<!-- wp:image {\"align\":\"center\",\"id\":64,\"sizeSlug\":\"large\"} -->\n<div class=\"wp-block-image\"><figure class=\"aligncenter size-large\"><img src=\"http://www.blogs.aapgsuez.net/Blog/wp-content/uploads/2020/03/homoclines-1024x556.jpg\" alt=\"\" class=\"wp-image-64\"/></figure></div>\n<!-- /wp:image -->\n\n<!-- wp:paragraph -->\n<p>Anticlines and synclines are the up and down folds that usually occur together and are caused by compressional stress. IF they are exposed to weathering and erosion, for anticlines older rocks will appear, on the contrary, younger rocks will appear for synclines. Most anticlines and synclines are not level and are tilted with respect to the surface of the earth. These are called plunging anticlines and plunging synclines.to understand this; imagine it as a quarter of a ball with which you can trap a rat against the wall. </p>\n<!-- /wp:paragraph -->\n\n<!-- wp:heading {\"level\":3} -->\n<h3> Domes and Basins </h3>\n<!-- /wp:heading -->\n\n<!-- wp:image {\"align\":\"center\",\"id\":65,\"sizeSlug\":\"large\"} -->\n<div class=\"wp-block-image\"><figure class=\"aligncenter size-large\"><img src=\"http://www.blogs.aapgsuez.net/Blog/wp-content/uploads/2020/03/domes-and-basins-1024x264.jpg\" alt=\"\" class=\"wp-image-65\"/></figure></div>\n<!-- /wp:image -->\n\n<!-- wp:paragraph -->\n<p>Dome is an anticlinal uplift that has no distinct trend. Basin is a synclinal depression that has no distinct trend.to understand this; imagine a dome as half of a ball with which you can trap a rat against the ground. Before a dome is eroded down, it forms a hill but if the dome is eroded, it leaves a characteristic bull’s eye pattern on the surface.</p>\n<!-- /wp:paragraph -->\n\n<!-- wp:paragraph -->\n<p><strong>Homoclines</strong>:</p>\n<!-- /wp:paragraph -->\n\n<!-- wp:paragraph -->\n<p>It represents sedimentary rocks dipping uniformly in one direction meaning that we have a zone of steeper dip within an otherwise horizontal or gently-dipping sequence.</p>\n<!-- /wp:paragraph -->\n\n<!-- wp:paragraph -->\n<p><strong>Fractures</strong>:</p>\n<!-- /wp:paragraph -->\n\n<!-- wp:paragraph -->\n<p>The structures formed by the brittle fracturing of rocks are known variously as joints and faults.<br>Joints:<br>A joint is a fracture in the rocks with no movement of one side relative to the other.</p>\n<!-- /wp:paragraph -->\n\n<!-- wp:image {\"align\":\"center\",\"id\":67,\"sizeSlug\":\"large\"} -->\n<div class=\"wp-block-image\"><figure class=\"aligncenter size-large\"><img src=\"http://www.blogs.aapgsuez.net/Blog/wp-content/uploads/2020/03/joints.jpg\" alt=\"\" class=\"wp-image-67\"/></figure></div>\n<!-- /wp:image -->\n\n<!-- wp:paragraph -->\n<p> <strong>Faults</strong>:</p>\n<!-- /wp:paragraph -->\n\n<!-- wp:paragraph -->\n<p>A fault is a break in the rocks along which one side has moved relative to the other.<br>You can differentiate between them as follows: </p>\n<!-- /wp:paragraph -->\n\n<!-- wp:image {\"id\":68,\"sizeSlug\":\"large\"} -->\n<figure class=\"wp-block-image size-large\"><img src=\"http://www.blogs.aapgsuez.net/Blog/wp-content/uploads/2020/03/faults.jpg\" alt=\"\" class=\"wp-image-68\"/></figure>\n<!-- /wp:image -->\n\n<!-- wp:list {\"ordered\":true} -->\n<ol><li>Joints are smaller compared to faults.</li><li>Joints have no movement therefore cause none or very little displacement while faults have lateral movement that causes displacement.</li><li>Faults are formed because of constant tectonic movement while joints are formed when rocks are stretched to their breaking point.</li><li>Faults can cause deadly earthquakes and tsunamis while joints rarely pose any threat to civilization.</li></ol>\n<!-- /wp:list -->\n\n<!-- wp:heading {\"level\":3} -->\n<h3> So which structure can form a trap? </h3>\n<!-- /wp:heading -->\n\n<!-- wp:list -->\n<ul><li>Angular unconformities can form gas and oil traps. One of the sedimentary rock layers tilted at an angle below it must be a reservoir rock that can store gas and oil. The sedimentary rock layer above it must be a cap rock that acts as a seal. The gas and oil form below the unconformity in a source rock. They migrate up into and then through the pore spaces of the reservoir rock until they reach the angular unconformity surface where they are trapped below the caprock. The two largest oil fields in the United States, the East Texas field and the Prudhoe Bay field in Alaska, are both in angular unconformity traps.</li><li>Anticlines, but not synclines, form high areas in reservoir rocks and can be gas and oil traps. Ghawar Anticline, Saudi Arabia, is the structural trap for the largest conventional oil field in the world.</li><li>Domes also form gas and oil traps. Oil was first discovered in the Middle East in Bahrain. The traps in Bahrain were domes with a low hill on the surface above each of them.</li><li>Although homoclines are common, they do not form gas and oil traps.</li><li>Joints in sedimentary rocks improve the reservoir quality of the rock. They slightly increase the fluid storage capacity of the rock (porosity) and greatly increase the ability of the fluid to flow through the rock (permeability).</li><li>The fault must be a sealing fault, which means it prevents fluid flow across or along the fault. Any gas and oil migrating up a reservoir rock will be trapped under the sealing fault. The largest oil field on land in England is the Wytch Farm field, located southwest of London on the South Dorset coast, wasformed by a fault.</li></ul>\n<!-- /wp:list -->\n\n<!-- wp:heading {\"level\":3} -->\n<h3><strong>References:</strong></h3>\n<!-- /wp:heading -->\n\n<!-- wp:list -->\n<ul><li>Nontechnical guide to petroleum,exploration, drilling&amp;production –third edition-Norman J. Hyne, Ph.D.</li><li>Earth structure-an introduction to structural geology and tectonics-second edition-</li></ul>\n<!-- /wp:list -->', 'Deformation Of Sedimentary Rocks', '', 'publish', 'open', 'open', '', 'deformation-of-sedimentary-rocks', '', '', '2020-03-13 18:04:14', '2020-03-13 18:04:14', '', 0, 'http://www.blogs.aapgsuez.net/Blog/?p=60', 0, 'post', '', 0),
(61, 2, '2020-03-13 17:52:28', '2020-03-13 17:52:28', '<!-- wp:paragraph -->\n<p> Pressure is one of the main concepts for a petroleum engineer because it affects every decision he takes in every stage of well life. Hydrostatic, overburden, pore pressure are the main types of pressure but we’ll concentrate on pore pressure especially abnormal pressure. This type of pressure is the reason why surface control equipment are extremely important.Geological, geochemical, geophysical, mechanical factors are classified as follows to indicate how abnormal case occurs in wells: depositional effects, diagenetic processes, tectonic effects, structural causes, thermodynamic effects. </p>\n<!-- /wp:paragraph -->\n\n<!-- wp:heading {\"level\":3} -->\n<h3> Definitions: </h3>\n<!-- /wp:heading -->\n\n<!-- wp:paragraph -->\n<p><strong>Hydrostatic pressure:</strong> It is the pressure exerted by column of fluids in the well pore.</p>\n<!-- /wp:paragraph -->\n\n<!-- wp:paragraph -->\n<p><strong>Pore pressure:</strong> It is the pressure acting on fluids in pore spaces of rocks.</p>\n<!-- /wp:paragraph -->\n\n<!-- wp:heading {\"level\":4} -->\n<h4>It has three types:</h4>\n<!-- /wp:heading -->\n\n<!-- wp:list {\"ordered\":true} -->\n<ol><li><strong>Normal pore pressure:</strong>&nbsp;When the pore pressure is equal to hydrostatic pressure.&nbsp;P<sub>f</sub>&nbsp;= P<sub>h</sub></li><li><strong>Subnormal pore pressure:</strong>&nbsp;When the pore pressure is less than hydrostatic pressure.&nbsp;P<sub>f</sub>&nbsp;&lt; P<sub>h</sub></li><li><strong>Abnormal pore pressure:</strong>&nbsp;When the pore pressure is more than hydrostatic pressure.&nbsp;P<sub>f</sub>&nbsp;&gt; P<sub>h</sub></li></ol>\n<!-- /wp:list -->\n\n<!-- wp:heading {\"level\":3} -->\n<h3> Causes of abnormal pore pressure: </h3>\n<!-- /wp:heading -->\n\n<!-- wp:paragraph -->\n<p> After 3D seismic data is acquired, it needs to be processed to be ready for interpretation as the image is blurred. Data processing includes filtering, stacking and migrating and other forms of computer analysis. As computers have become more powerful and processing techniques more developed, it has become common to re-process seismic data acquired in earlier years, creating new opportunities for exploration that could not originally be derived from the 3D data. Processing of one 3D seismic survey may take months and cost a lot of money. </p>\n<!-- /wp:paragraph -->\n\n<!-- wp:heading {\"level\":4} -->\n<h4> Depositional effects: </h4>\n<!-- /wp:heading -->\n\n<!-- wp:image {\"align\":\"center\",\"id\":35,\"sizeSlug\":\"large\"} -->\n<div class=\"wp-block-image\"><figure class=\"aligncenter size-large\"><img src=\"http://www.blogs.aapgsuez.net/Blog/wp-content/uploads/2020/03/Capture.jpg\" alt=\"\" class=\"wp-image-35\"/></figure></div>\n<!-- /wp:image -->\n\n<!-- wp:heading {\"level\":4} -->\n<h4> Undercompaction: </h4>\n<!-- /wp:heading -->\n\n<!-- wp:paragraph -->\n<p>\n\nFirst, one must know how normal compaction occurs; as sediments are deposited, other sediments form layers above them causing their volume to decrease then pressure is further increasing and as a result sediments reorganize their grains so porosity decreases depending on amount of fluids n pore spaces. Normal compaction leaves the pore fluids in normal pore pressure.</p>\n<!-- /wp:paragraph -->\n\n<!-- wp:paragraph -->\n<p>So, how does undercompaction occurs?<br>When sediments are deposited but in a fast rate, fluids will not have a chance to leave pore spaces.so fluids are trapped and cannot respond to the increase in pressure by flowing out causing the pressure to increase (abnormal pressure). To make it further clear, the increase in the rate of sedimentation or reduction of fluid expulsion by decreased permeability or blocking passages for fluids to flow by evaporites as example; totally impermeable for fluids or blocked by salt; no porosity, no permeability therefore can be a perfect seal, are the reasons why abnormal pressure may exist because fluids begin to support the increasing weight of overlying layers of sediments.Clay or shale undercompaction is common in Gulf of Mexico, Papua New Guinea and North Sea. Southern North Sea gas reservoirs owe their existence to Zechstein salt.\n\n</p>\n<!-- /wp:paragraph -->\n\n<!-- wp:heading {\"level\":4} -->\n<h4> Diagenetic processes: </h4>\n<!-- /wp:heading -->\n\n<!-- wp:paragraph -->\n<p> After deposition, both pressure and temperature may change in a way that will cause recrystallization or formation of new minerals or water generation.so, the new minerals will have different properties especially sealing ones and water will not have a way to escape.<br>Claydiagenesis(conversion of Smectite to Illite) as example:<br>Marine clays consists mainly of Smectite clays of which montomorillonite is by far the most common. Montomorillonite consists mainly of water in pore spaces or interlayer water between clay platelets. As compaction occurs due to burial, water in pore spaces is expelled and interlayer water takes its place causing the structure of clays to change.high temperature, high pressure, existence of potassium help conversion of Smectite to Illite to occur.In the North Sea, this process occur at 90-100 deg C and 6500-9750 ft. </p>\n<!-- /wp:paragraph -->\n\n<!-- wp:heading {\"level\":4} -->\n<h4> Tectonic effects: </h4>\n<!-- /wp:heading -->\n\n<!-- wp:paragraph -->\n<p>Folding, faulting, uplift can cause abnormal pressures. But how? Let’s see.<br>Folding:<br>Simply, horizontal stresses form folds but if these stresses increase, the fluids will be expelled. By the same way described above, if a seal prevents fluids from escaping, fluids will be over pressurized and abnormal conditions will show. Southern Iran (AgharJari fields),Tapungato field in Argentina are examples.<br>Faulting:<br>As layers move on the fault plane, impermeable layer may face another one which is permeable. If compaction affects the permeable layer, no fluids will be able to escape.<br>Uplift:<br>If a normally pressured formation is uplifted to a shallower depth then the formation will appear to have an abnormal pressure due to the fact that the formation pressure has more hydrostatic pressure than a corresponding normally pressured zone at the same depth.</p>\n<!-- /wp:paragraph -->\n\n<!-- wp:heading {\"level\":4} -->\n<h4> Structural causes: </h4>\n<!-- /wp:heading -->\n\n<!-- wp:paragraph -->\n<p>Different densities of water, oil and gas in reservoir structure may cause abnormal pressure especially in lenticular, dipping, anticlinal reservoirs. In dipping reservoirs, formation pressure behind water zone will be transmitted to updip part of the reservoir.</p>\n<!-- /wp:paragraph -->\n\n<!-- wp:heading {\"level\":4} -->\n<h4> Thermodynamic processes: </h4>\n<!-- /wp:heading -->\n\n<!-- wp:paragraph -->\n<p> <br>They are helping factors to above mentioned factors.as example, thermal cracking of oil into gas may result in abnormal pressures.at high temperatures, complex hydrocarbons like kerogen will break down into simpler components.Because of thermal cracking, volume of hydrocarbons increases especially in a sealed environment. Fields of such type exist in central North Sea. </p>\n<!-- /wp:paragraph -->\n\n<!-- wp:heading {\"level\":3} -->\n<h3> Abnormal pore pressure evaluation: </h3>\n<!-- /wp:heading -->\n\n<!-- wp:image {\"align\":\"center\",\"id\":36,\"sizeSlug\":\"large\"} -->\n<div class=\"wp-block-image\"><figure class=\"aligncenter size-large\"><img src=\"http://www.blogs.aapgsuez.net/Blog/wp-content/uploads/2020/03/Capture2.jpg\" alt=\"\" class=\"wp-image-36\"/></figure></div>\n<!-- /wp:image -->\n\n<!-- wp:paragraph -->\n<p>Being important and one do not want to see a picture like this one in reality, abnormal pressures are carefully evaluated.<br>Basic techniques used to detect pressure are:<br></p>\n<!-- /wp:paragraph -->\n\n<!-- wp:list -->\n<ul><li><strong>Mud logging method.</strong></li><li><strong>Measurement while drilling.</strong></li><li><strong>Wireline logging methods.</strong></li><li><strong>DST, Production tests and RFT.</strong></li></ul>\n<!-- /wp:list -->\n\n<!-- wp:paragraph -->\n<p>We have discussed abnormal pore pressure; causes and methods of evaluation.it was a serious problem for the oil industry in its early days but up-to-date techniques help prevent large problems because of abnormal pressures. Safety is important in oil industry so engineers give due care to abnormal pressures.\n\n</p>\n<!-- /wp:paragraph -->\n\n<!-- wp:heading {\"level\":3} -->\n<h3><strong>References:</strong></h3>\n<!-- /wp:heading -->\n\n<!-- wp:list -->\n<ul><li> Well engineering and construction by HussianRabia. </li></ul>\n<!-- /wp:list -->', 'Abnormal pore pressure', '', 'inherit', 'closed', 'closed', '', '34-revision-v1', '', '', '2020-03-13 17:52:28', '2020-03-13 17:52:28', '', 34, 'http://www.blogs.aapgsuez.net/Blog/2020/03/13/34-revision-v1/', 0, 'revision', '', 0),
(62, 2, '2020-03-13 17:52:50', '2020-03-13 17:52:50', '<!-- wp:paragraph -->\n<p> Pressure is one of the main concepts for a petroleum engineer because it affects every decision he takes in every stage of well life. Hydrostatic, overburden, pore pressure are the main types of pressure but we’ll concentrate on pore pressure especially abnormal pressure. This type of pressure is the reason why surface control equipment are extremely important.Geological, geochemical, geophysical, mechanical factors are classified as follows to indicate how abnormal case occurs in wells: depositional effects, diagenetic processes, tectonic effects, structural causes, thermodynamic effects. </p>\n<!-- /wp:paragraph -->\n\n<!-- wp:heading {\"level\":3} -->\n<h3> Definitions: </h3>\n<!-- /wp:heading -->\n\n<!-- wp:paragraph -->\n<p><strong>Hydrostatic pressure:</strong> It is the pressure exerted by column of fluids in the well pore.</p>\n<!-- /wp:paragraph -->\n\n<!-- wp:paragraph -->\n<p><strong>Pore pressure:</strong> It is the pressure acting on fluids in pore spaces of rocks.</p>\n<!-- /wp:paragraph -->\n\n<!-- wp:heading {\"level\":4} -->\n<h4>It has three types:</h4>\n<!-- /wp:heading -->\n\n<!-- wp:list {\"ordered\":true} -->\n<ol><li><strong>Normal pore pressure:</strong>&nbsp;When the pore pressure is equal to hydrostatic pressure.&nbsp;P<sub>f</sub>&nbsp;= P<sub>h</sub></li><li><strong>Subnormal pore pressure:</strong>&nbsp;When the pore pressure is less than hydrostatic pressure.&nbsp;P<sub>f</sub>&nbsp;&lt; P<sub>h</sub></li><li><strong>Abnormal pore pressure:</strong>&nbsp;When the pore pressure is more than hydrostatic pressure.&nbsp;P<sub>f</sub>&nbsp;&gt; P<sub>h</sub></li></ol>\n<!-- /wp:list -->\n\n<!-- wp:heading {\"level\":3} -->\n<h3> Causes of abnormal pore pressure: </h3>\n<!-- /wp:heading -->\n\n<!-- wp:paragraph -->\n<p> After 3D seismic data is acquired, it needs to be processed to be ready for interpretation as the image is blurred. Data processing includes filtering, stacking and migrating and other forms of computer analysis. As computers have become more powerful and processing techniques more developed, it has become common to re-process seismic data acquired in earlier years, creating new opportunities for exploration that could not originally be derived from the 3D data. Processing of one 3D seismic survey may take months and cost a lot of money. </p>\n<!-- /wp:paragraph -->\n\n<!-- wp:heading {\"level\":4} -->\n<h4> Depositional effects: </h4>\n<!-- /wp:heading -->\n\n<!-- wp:image {\"align\":\"center\",\"id\":35,\"sizeSlug\":\"large\"} -->\n<div class=\"wp-block-image\"><figure class=\"aligncenter size-large\"><img src=\"http://www.blogs.aapgsuez.net/Blog/wp-content/uploads/2020/03/Capture.jpg\" alt=\"\" class=\"wp-image-35\"/></figure></div>\n<!-- /wp:image -->\n\n<!-- wp:heading {\"level\":4} -->\n<h4> Undercompaction: </h4>\n<!-- /wp:heading -->\n\n<!-- wp:paragraph -->\n<p>\n\nFirst, one must know how normal compaction occurs; as sediments are deposited, other sediments form layers above them causing their volume to decrease then pressure is further increasing and as a result sediments reorganize their grains so porosity decreases depending on amount of fluids n pore spaces. Normal compaction leaves the pore fluids in normal pore pressure.</p>\n<!-- /wp:paragraph -->\n\n<!-- wp:paragraph -->\n<p>So, how does undercompaction occurs?<br>When sediments are deposited but in a fast rate, fluids will not have a chance to leave pore spaces.so fluids are trapped and cannot respond to the increase in pressure by flowing out causing the pressure to increase (abnormal pressure). To make it further clear, the increase in the rate of sedimentation or reduction of fluid expulsion by decreased permeability or blocking passages for fluids to flow by evaporites as example; totally impermeable for fluids or blocked by salt; no porosity, no permeability therefore can be a perfect seal, are the reasons why abnormal pressure may exist because fluids begin to support the increasing weight of overlying layers of sediments.Clay or shale undercompaction is common in Gulf of Mexico, Papua New Guinea and North Sea. Southern North Sea gas reservoirs owe their existence to Zechstein salt.\n\n</p>\n<!-- /wp:paragraph -->\n\n<!-- wp:heading {\"level\":4} -->\n<h4> Diagenetic processes: </h4>\n<!-- /wp:heading -->\n\n<!-- wp:paragraph -->\n<p> After deposition, both pressure and temperature may change in a way that will cause recrystallization or formation of new minerals or water generation.so, the new minerals will have different properties especially sealing ones and water will not have a way to escape.<br>Claydiagenesis(conversion of Smectite to Illite) as example:<br>Marine clays consists mainly of Smectite clays of which montomorillonite is by far the most common. Montomorillonite consists mainly of water in pore spaces or interlayer water between clay platelets. As compaction occurs due to burial, water in pore spaces is expelled and interlayer water takes its place causing the structure of clays to change.high temperature, high pressure, existence of potassium help conversion of Smectite to Illite to occur.In the North Sea, this process occur at 90-100 deg C and 6500-9750 ft. </p>\n<!-- /wp:paragraph -->\n\n<!-- wp:heading {\"level\":4} -->\n<h4> Tectonic effects: </h4>\n<!-- /wp:heading -->\n\n<!-- wp:paragraph -->\n<p>Folding, faulting, uplift can cause abnormal pressures. But how? Let’s see.<br>Folding:<br>Simply, horizontal stresses form folds but if these stresses increase, the fluids will be expelled. By the same way described above, if a seal prevents fluids from escaping, fluids will be over pressurized and abnormal conditions will show. Southern Iran (AgharJari fields),Tapungato field in Argentina are examples.<br>Faulting:<br>As layers move on the fault plane, impermeable layer may face another one which is permeable. If compaction affects the permeable layer, no fluids will be able to escape.<br>Uplift:<br>If a normally pressured formation is uplifted to a shallower depth then the formation will appear to have an abnormal pressure due to the fact that the formation pressure has more hydrostatic pressure than a corresponding normally pressured zone at the same depth.</p>\n<!-- /wp:paragraph -->\n\n<!-- wp:heading {\"level\":4} -->\n<h4> Structural causes: </h4>\n<!-- /wp:heading -->\n\n<!-- wp:paragraph -->\n<p>Different densities of water, oil and gas in reservoir structure may cause abnormal pressure especially in lenticular, dipping, anticlinal reservoirs. In dipping reservoirs, formation pressure behind water zone will be transmitted to updip part of the reservoir.</p>\n<!-- /wp:paragraph -->\n\n<!-- wp:heading {\"level\":4} -->\n<h4> Thermodynamic processes: </h4>\n<!-- /wp:heading -->\n\n<!-- wp:paragraph -->\n<p> They are helping factors to above mentioned factors.as example, thermal cracking of oil into gas may result in abnormal pressures.at high temperatures, complex hydrocarbons like kerogen will break down into simpler components.Because of thermal cracking, volume of hydrocarbons increases especially in a sealed environment. Fields of such type exist in central North Sea. </p>\n<!-- /wp:paragraph -->\n\n<!-- wp:heading {\"level\":3} -->\n<h3> Abnormal pore pressure evaluation: </h3>\n<!-- /wp:heading -->\n\n<!-- wp:image {\"align\":\"center\",\"id\":36,\"sizeSlug\":\"large\"} -->\n<div class=\"wp-block-image\"><figure class=\"aligncenter size-large\"><img src=\"http://www.blogs.aapgsuez.net/Blog/wp-content/uploads/2020/03/Capture2.jpg\" alt=\"\" class=\"wp-image-36\"/></figure></div>\n<!-- /wp:image -->\n\n<!-- wp:paragraph -->\n<p>Being important and one do not want to see a picture like this one in reality, abnormal pressures are carefully evaluated.<br>Basic techniques used to detect pressure are:<br></p>\n<!-- /wp:paragraph -->\n\n<!-- wp:list -->\n<ul><li><strong>Mud logging method.</strong></li><li><strong>Measurement while drilling.</strong></li><li><strong>Wireline logging methods.</strong></li><li><strong>DST, Production tests and RFT.</strong></li></ul>\n<!-- /wp:list -->\n\n<!-- wp:paragraph -->\n<p>We have discussed abnormal pore pressure; causes and methods of evaluation.it was a serious problem for the oil industry in its early days but up-to-date techniques help prevent large problems because of abnormal pressures. Safety is important in oil industry so engineers give due care to abnormal pressures.\n\n</p>\n<!-- /wp:paragraph -->\n\n<!-- wp:heading {\"level\":3} -->\n<h3><strong>References:</strong></h3>\n<!-- /wp:heading -->\n\n<!-- wp:list -->\n<ul><li> Well engineering and construction by HussianRabia. </li></ul>\n<!-- /wp:list -->', 'Abnormal pore pressure', '', 'inherit', 'closed', 'closed', '', '34-revision-v1', '', '', '2020-03-13 17:52:50', '2020-03-13 17:52:50', '', 34, 'http://www.blogs.aapgsuez.net/Blog/2020/03/13/34-revision-v1/', 0, 'revision', '', 0),
(63, 2, '2020-03-13 17:55:43', '2020-03-13 17:55:43', '', 'angular-unconformity', '', 'inherit', 'open', 'closed', '', 'angular-unconformity', '', '', '2020-03-13 17:55:43', '2020-03-13 17:55:43', '', 60, 'http://www.blogs.aapgsuez.net/Blog/wp-content/uploads/2020/03/angular-unconformity.png', 0, 'attachment', 'image/png', 0),
(64, 2, '2020-03-13 17:56:55', '2020-03-13 17:56:55', '', 'homoclines', '', 'inherit', 'open', 'closed', '', 'homoclines', '', '', '2020-03-13 17:56:55', '2020-03-13 17:56:55', '', 60, 'http://www.blogs.aapgsuez.net/Blog/wp-content/uploads/2020/03/homoclines.jpg', 0, 'attachment', 'image/jpeg', 0),
(65, 2, '2020-03-13 17:58:13', '2020-03-13 17:58:13', '', 'domes-and-basins', '', 'inherit', 'open', 'closed', '', 'domes-and-basins', '', '', '2020-03-13 17:58:13', '2020-03-13 17:58:13', '', 60, 'http://www.blogs.aapgsuez.net/Blog/wp-content/uploads/2020/03/domes-and-basins.jpg', 0, 'attachment', 'image/jpeg', 0),
(66, 1, '2020-03-13 23:12:28', '2020-03-13 23:12:28', '<!-- wp:heading {\"level\":3} -->\n<h3> Abstract </h3>\n<!-- /wp:heading -->\n\n<!-- wp:paragraph -->\n<p> Your main goal at the oil field is to keep yourself safe and health. HSE-knowledge can help you to achieve this. If it is your first time to hear about HSE, it refers to “health, safety and environment” which they are indispensable for anyone who works in petroleum industry. Everything will be ok if only you have a good knowledge and awareness.<br>Achieving safety in work place is the responsibility of employers and employees. Employers should provide safety equipment and training. Employees should apply safety inductions.</p>\n<!-- /wp:paragraph -->\n\n<!-- wp:heading {\"level\":3} -->\n<h3> Introduction</h3>\n<!-- /wp:heading -->\n\n<!-- wp:paragraph -->\n<p>\n\n“No job is so important and no service is so urgent that we cannot take time to perform our work safely.”<br><strong>Safety</strong>&nbsp;is part of everyday living. No, if you are not safe you are not living well. We should achieve safety in our home, street, while driving a car and for sure at work. It is the only guarantee that you will be safe. Those who pay no attention towards safety would realize it is importance if only they suffered form an accident, injury or properties damage. More than 90 % of all accidents are avoidable, being caused by human error rather than by mechanical failure.<br>Talking about our work in oilfield which is classified as one of the most dangerous works in the world. It was the first in danger, but due to the great efforts exerted by companies to provide well-trained employees, it becomes safer and safer.<br></p>\n<!-- /wp:paragraph -->\n\n<!-- wp:image {\"align\":\"center\",\"id\":69,\"width\":474,\"height\":345,\"sizeSlug\":\"large\"} -->\n<div class=\"wp-block-image\"><figure class=\"aligncenter size-large is-resized\"><img src=\"http://www.blogs.aapgsuez.net/Blog/wp-content/uploads/2020/03/blowout.jpg\" alt=\"\" class=\"wp-image-69\" width=\"474\" height=\"345\"/></figure></div>\n<!-- /wp:image -->\n\n<!-- wp:heading {\"level\":3} -->\n<h3> Nomenclatures </h3>\n<!-- /wp:heading -->\n\n<!-- wp:paragraph -->\n<p>HSE student should understand its nomenclatures and try to apply their meaning and purpose in everyday life. This is the only way to prove for yourself that you have gain this experience as required.</p>\n<!-- /wp:paragraph -->\n\n<!-- wp:heading {\"level\":4} -->\n<h4> HAZARD</h4>\n<!-- /wp:heading -->\n\n<!-- wp:paragraph -->\n<p> It is unseen danger that has not happened yet. Such as unguarded machine, wire on the floor, cars, lions and everything that can cause injury, death or properties damage.</p>\n<!-- /wp:paragraph -->\n\n<!-- wp:heading {\"level\":4} -->\n<h4> RISK</h4>\n<!-- /wp:heading -->\n\n<!-- wp:paragraph -->\n<p> The probability of causing damage or injuries due to unseen danger. Such as touching insolated wire and working without PPE.</p>\n<!-- /wp:paragraph -->\n\n<!-- wp:gallery {\"ids\":[74,73],\"align\":\"center\"} -->\n<figure class=\"wp-block-gallery aligncenter columns-2 is-cropped\"><ul class=\"blocks-gallery-grid\"><li class=\"blocks-gallery-item\"><figure><img src=\"http://www.blogs.aapgsuez.net/Blog/wp-content/uploads/2020/03/risk.jpg\" alt=\"\" data-id=\"74\" data-full-url=\"http://www.blogs.aapgsuez.net/Blog/wp-content/uploads/2020/03/risk.jpg\" data-link=\"http://www.blogs.aapgsuez.net/Blog/?attachment_id=74\" class=\"wp-image-74\"/></figure></li><li class=\"blocks-gallery-item\"><figure><img src=\"http://www.blogs.aapgsuez.net/Blog/wp-content/uploads/2020/03/hazard.jpg\" alt=\"\" data-id=\"73\" data-full-url=\"http://www.blogs.aapgsuez.net/Blog/wp-content/uploads/2020/03/hazard.jpg\" data-link=\"http://www.blogs.aapgsuez.net/Blog/?attachment_id=73\" class=\"wp-image-73\"/></figure></li></ul></figure>\n<!-- /wp:gallery -->\n\n<!-- wp:paragraph -->\n<p> In order to make it clear, in the figure3.1 it is a snake and it represents a danger so we can call it a “Hazard”, but in the figure3.2 it represents a “Risk” because snake can kill the child. </p>\n<!-- /wp:paragraph -->\n\n<!-- wp:heading {\"level\":3} -->\n<h3> Hazard</h3>\n<!-- /wp:heading -->\n\n<!-- wp:heading {\"level\":4} -->\n<h4>WHERE CAN WE FIND HAZARDS? </h4>\n<!-- /wp:heading -->\n\n<!-- wp:list -->\n<ul><li>We can find hazards where human is, due to unsafe acts that comes out from them.</li><li>In the workplace, hazards exist in different shapes such as air and noise.</li><li>Machines represent great hazard such as pumps, cutters and welding tools.</li><li>Chemicals that exist in the work such as H2S, CO, CO<sub>2</sub>&nbsp;and H<sub>2</sub>SO<sub>4</sub>.</li></ul>\n<!-- /wp:list -->\n\n<!-- wp:heading {\"level\":4} -->\n<h4> <strong>HAZARD TYPES</strong> </h4>\n<!-- /wp:heading -->\n\n<!-- wp:list -->\n<ul><li>Chemical hazards: explosives, corrosive, flammable, toxic …. etc. materials. All these materials represent real hazards and they are symbolled by figures in the figure 4.1</li><li>Physical hazards: they exist in mechanical parts movements, electricity, vibrations, noise, heat and radiation.</li><li>Biological hazards: viruses, bacteria, fungi and parasites as indicated in figure 4.2</li><li>Ergonomic hazards: that result due to repeated work such as sitting for long time and shifts as indicated in figure 4.3 and figure 4.4</li><li>Psychological hazards: these types of hazards result from work stresses.</li></ul>\n<!-- /wp:list -->\n\n<!-- wp:gallery {\"ids\":[90,91,92]} -->\n<figure class=\"wp-block-gallery columns-3 is-cropped\"><ul class=\"blocks-gallery-grid\"><li class=\"blocks-gallery-item\"><figure><img src=\"http://www.blogs.aapgsuez.net/Blog/wp-content/uploads/2020/03/fig4-1-2.jpg\" alt=\"\" data-id=\"90\" data-full-url=\"http://www.blogs.aapgsuez.net/Blog/wp-content/uploads/2020/03/fig4-1-2.jpg\" data-link=\"http://www.blogs.aapgsuez.net/Blog/?attachment_id=90\" class=\"wp-image-90\"/></figure></li><li class=\"blocks-gallery-item\"><figure><img src=\"http://www.blogs.aapgsuez.net/Blog/wp-content/uploads/2020/03/fig4-2-2.jpg\" alt=\"\" data-id=\"91\" data-full-url=\"http://www.blogs.aapgsuez.net/Blog/wp-content/uploads/2020/03/fig4-2-2.jpg\" data-link=\"http://www.blogs.aapgsuez.net/Blog/?attachment_id=91\" class=\"wp-image-91\"/></figure></li><li class=\"blocks-gallery-item\"><figure><img src=\"http://www.blogs.aapgsuez.net/Blog/wp-content/uploads/2020/03/fig4-3-2.png\" alt=\"\" data-id=\"92\" data-full-url=\"http://www.blogs.aapgsuez.net/Blog/wp-content/uploads/2020/03/fig4-3-2.png\" data-link=\"http://www.blogs.aapgsuez.net/Blog/?attachment_id=92\" class=\"wp-image-92\"/></figure></li></ul></figure>\n<!-- /wp:gallery -->\n\n<!-- wp:heading {\"level\":3} -->\n<h3> Hazards are generally grouped into two broad categories:</h3>\n<!-- /wp:heading -->\n\n<!-- wp:list -->\n<ul><li>Safety and Injury Hazards</li><li>Health and Illnesses Hazards</li></ul>\n<!-- /wp:list -->\n\n<!-- wp:paragraph -->\n<p> Health and Illnesses Hazards are very important also as if employees have bad health these will affect work rate. </p>\n<!-- /wp:paragraph -->\n\n<!-- wp:heading {\"level\":3} -->\n<h3> Conclusion </h3>\n<!-- /wp:heading -->\n\n<!-- wp:paragraph -->\n<p> Safety comes first before anything. Injuries result in pain and suffering and may leave a person disabled or handicapped for life. Even minor injuries may cause loss of time from work and lost pay. Insurance benefits are helpful, but compensation payments cannot restore a life, hand, eye or leg. Otherwise damaged machines could be repaired or replaced. Always remember that “safety is no accidents”. </p>\n<!-- /wp:paragraph -->\n\n<!-- wp:heading {\"level\":3} -->\n<h3><strong>References:</strong></h3>\n<!-- /wp:heading -->\n\n<!-- wp:list -->\n<ul><li>Shell Distance Learning Program “WDPL”.</li><li>SKM 4353 SAFETY IN PETROLEUM ENGINEERING, UTM.</li><li>Nubaria Gas company safety course.</li></ul>\n<!-- /wp:list -->\n\n<!-- wp:paragraph -->\n<p></p>\n<!-- /wp:paragraph -->', 'HSE-INTRO', '', 'publish', 'open', 'open', '', 'hse-intro', '', '', '2020-03-13 23:12:28', '2020-03-13 23:12:28', '', 0, 'http://www.blogs.aapgsuez.net/Blog/?p=66', 0, 'post', '', 0),
(67, 2, '2020-03-13 18:00:05', '2020-03-13 18:00:05', '', 'joints', '', 'inherit', 'open', 'closed', '', 'joints', '', '', '2020-03-13 18:00:05', '2020-03-13 18:00:05', '', 60, 'http://www.blogs.aapgsuez.net/Blog/wp-content/uploads/2020/03/joints.jpg', 0, 'attachment', 'image/jpeg', 0),
(68, 2, '2020-03-13 18:01:02', '2020-03-13 18:01:02', '', 'faults', '', 'inherit', 'open', 'closed', '', 'faults', '', '', '2020-03-13 18:01:02', '2020-03-13 18:01:02', '', 60, 'http://www.blogs.aapgsuez.net/Blog/wp-content/uploads/2020/03/faults.jpg', 0, 'attachment', 'image/jpeg', 0),
(69, 1, '2020-03-13 18:03:39', '2020-03-13 18:03:39', '', 'blowout', '', 'inherit', 'open', 'closed', '', 'blowout', '', '', '2020-03-13 18:03:39', '2020-03-13 18:03:39', '', 66, 'http://www.blogs.aapgsuez.net/Blog/wp-content/uploads/2020/03/blowout.jpg', 0, 'attachment', 'image/jpeg', 0),
(70, 2, '2020-03-13 18:04:14', '2020-03-13 18:04:14', '<!-- wp:paragraph -->\n<p>Stress, The geothermal gradient, Folding and faulting and how horizontally-directed plate motions cause vertical uplift are the main reasons for rocks deformation. When sedimentary rocks deform, deformation causes some structures to form, many of them are traps for oil accumulation known as structural traps.so we will discuss these structures then we will show which one can form a trap. </p>\n<!-- /wp:paragraph -->\n\n<!-- wp:heading {\"level\":3} -->\n<h3> Weathering, Erosion, and Unconformities </h3>\n<!-- /wp:heading -->\n\n<!-- wp:image {\"align\":\"center\",\"id\":63,\"sizeSlug\":\"large\"} -->\n<div class=\"wp-block-image\"><figure class=\"aligncenter size-large\"><img src=\"http://www.blogs.aapgsuez.net/Blog/wp-content/uploads/2020/03/angular-unconformity.png\" alt=\"\" class=\"wp-image-63\"/></figure></div>\n<!-- /wp:image -->\n\n<!-- wp:paragraph -->\n<p>Break, transport then rest is the right description of these three geological events. Rocks are broken down and chemically dissolved through weathering .this occurs when rocks are subjected to the atmosphere and ocean bottom. Rivers, wind, waves, gravity (landslides), and glaciers transport and deposit these sediments in a process called erosion. If both weathering and erosion stops for a period of time then starts again forming new layers of sedimentary rocks, the buried erosional or non-depositional surface separating two rock masses or strata of different ages is called unconformity surface.<br>Unconformity comes in variety of ways. Disconformity occurs between sedimentary rocks whereas Nonconformity occurs between sedimentary and igneous or metamorphic rocks. Angular unconformity is an ancient erosional surface in which the sedimentary rock layers below the unconformity are tilted at an angle to the layers above the unconformity. Blended unconformity is a type of disconformity or nonconformity with no distinct separation plane or contact, sometimes consisting of soils, paleosols, or beds of pebbles derived from the underlying rock. A paraconformity is a type of unconformity in which strata are parallel; there is no apparent erosion and the unconformity surface resembles a simple bedding plane. </p>\n<!-- /wp:paragraph -->\n\n<!-- wp:heading {\"level\":3} -->\n<h3> Anticlines and Synclines </h3>\n<!-- /wp:heading -->\n\n<!-- wp:image {\"align\":\"center\",\"id\":64,\"sizeSlug\":\"large\"} -->\n<div class=\"wp-block-image\"><figure class=\"aligncenter size-large\"><img src=\"http://www.blogs.aapgsuez.net/Blog/wp-content/uploads/2020/03/homoclines-1024x556.jpg\" alt=\"\" class=\"wp-image-64\"/></figure></div>\n<!-- /wp:image -->\n\n<!-- wp:paragraph -->\n<p>Anticlines and synclines are the up and down folds that usually occur together and are caused by compressional stress. IF they are exposed to weathering and erosion, for anticlines older rocks will appear, on the contrary, younger rocks will appear for synclines. Most anticlines and synclines are not level and are tilted with respect to the surface of the earth. These are called plunging anticlines and plunging synclines.to understand this; imagine it as a quarter of a ball with which you can trap a rat against the wall. </p>\n<!-- /wp:paragraph -->\n\n<!-- wp:heading {\"level\":3} -->\n<h3> Domes and Basins </h3>\n<!-- /wp:heading -->\n\n<!-- wp:image {\"align\":\"center\",\"id\":65,\"sizeSlug\":\"large\"} -->\n<div class=\"wp-block-image\"><figure class=\"aligncenter size-large\"><img src=\"http://www.blogs.aapgsuez.net/Blog/wp-content/uploads/2020/03/domes-and-basins-1024x264.jpg\" alt=\"\" class=\"wp-image-65\"/></figure></div>\n<!-- /wp:image -->\n\n<!-- wp:paragraph -->\n<p>Dome is an anticlinal uplift that has no distinct trend. Basin is a synclinal depression that has no distinct trend.to understand this; imagine a dome as half of a ball with which you can trap a rat against the ground. Before a dome is eroded down, it forms a hill but if the dome is eroded, it leaves a characteristic bull’s eye pattern on the surface.</p>\n<!-- /wp:paragraph -->\n\n<!-- wp:paragraph -->\n<p><strong>Homoclines</strong>:</p>\n<!-- /wp:paragraph -->\n\n<!-- wp:paragraph -->\n<p>It represents sedimentary rocks dipping uniformly in one direction meaning that we have a zone of steeper dip within an otherwise horizontal or gently-dipping sequence.</p>\n<!-- /wp:paragraph -->\n\n<!-- wp:paragraph -->\n<p><strong>Fractures</strong>:</p>\n<!-- /wp:paragraph -->\n\n<!-- wp:paragraph -->\n<p>The structures formed by the brittle fracturing of rocks are known variously as joints and faults.<br>Joints:<br>A joint is a fracture in the rocks with no movement of one side relative to the other.</p>\n<!-- /wp:paragraph -->\n\n<!-- wp:image {\"align\":\"center\",\"id\":67,\"sizeSlug\":\"large\"} -->\n<div class=\"wp-block-image\"><figure class=\"aligncenter size-large\"><img src=\"http://www.blogs.aapgsuez.net/Blog/wp-content/uploads/2020/03/joints.jpg\" alt=\"\" class=\"wp-image-67\"/></figure></div>\n<!-- /wp:image -->\n\n<!-- wp:paragraph -->\n<p> <strong>Faults</strong>:</p>\n<!-- /wp:paragraph -->\n\n<!-- wp:paragraph -->\n<p>A fault is a break in the rocks along which one side has moved relative to the other.<br>You can differentiate between them as follows: </p>\n<!-- /wp:paragraph -->\n\n<!-- wp:image {\"id\":68,\"sizeSlug\":\"large\"} -->\n<figure class=\"wp-block-image size-large\"><img src=\"http://www.blogs.aapgsuez.net/Blog/wp-content/uploads/2020/03/faults.jpg\" alt=\"\" class=\"wp-image-68\"/></figure>\n<!-- /wp:image -->\n\n<!-- wp:list {\"ordered\":true} -->\n<ol><li>Joints are smaller compared to faults.</li><li>Joints have no movement therefore cause none or very little displacement while faults have lateral movement that causes displacement.</li><li>Faults are formed because of constant tectonic movement while joints are formed when rocks are stretched to their breaking point.</li><li>Faults can cause deadly earthquakes and tsunamis while joints rarely pose any threat to civilization.</li></ol>\n<!-- /wp:list -->\n\n<!-- wp:heading {\"level\":3} -->\n<h3> So which structure can form a trap? </h3>\n<!-- /wp:heading -->\n\n<!-- wp:list -->\n<ul><li>Angular unconformities can form gas and oil traps. One of the sedimentary rock layers tilted at an angle below it must be a reservoir rock that can store gas and oil. The sedimentary rock layer above it must be a cap rock that acts as a seal. The gas and oil form below the unconformity in a source rock. They migrate up into and then through the pore spaces of the reservoir rock until they reach the angular unconformity surface where they are trapped below the caprock. The two largest oil fields in the United States, the East Texas field and the Prudhoe Bay field in Alaska, are both in angular unconformity traps.</li><li>Anticlines, but not synclines, form high areas in reservoir rocks and can be gas and oil traps. Ghawar Anticline, Saudi Arabia, is the structural trap for the largest conventional oil field in the world.</li><li>Domes also form gas and oil traps. Oil was first discovered in the Middle East in Bahrain. The traps in Bahrain were domes with a low hill on the surface above each of them.</li><li>Although homoclines are common, they do not form gas and oil traps.</li><li>Joints in sedimentary rocks improve the reservoir quality of the rock. They slightly increase the fluid storage capacity of the rock (porosity) and greatly increase the ability of the fluid to flow through the rock (permeability).</li><li>The fault must be a sealing fault, which means it prevents fluid flow across or along the fault. Any gas and oil migrating up a reservoir rock will be trapped under the sealing fault. The largest oil field on land in England is the Wytch Farm field, located southwest of London on the South Dorset coast, wasformed by a fault.</li></ul>\n<!-- /wp:list -->\n\n<!-- wp:heading {\"level\":3} -->\n<h3><strong>References:</strong></h3>\n<!-- /wp:heading -->\n\n<!-- wp:list -->\n<ul><li>Nontechnical guide to petroleum,exploration, drilling&amp;production –third edition-Norman J. Hyne, Ph.D.</li><li>Earth structure-an introduction to structural geology and tectonics-second edition-</li></ul>\n<!-- /wp:list -->', 'Deformation Of Sedimentary Rocks', '', 'inherit', 'closed', 'closed', '', '60-revision-v1', '', '', '2020-03-13 18:04:14', '2020-03-13 18:04:14', '', 60, 'http://www.blogs.aapgsuez.net/Blog/2020/03/13/60-revision-v1/', 0, 'revision', '', 0),
(71, 1, '2020-03-13 18:04:22', '2020-03-13 18:04:22', '<!-- wp:heading {\"level\":3} -->\n<h3> Abstract </h3>\n<!-- /wp:heading -->\n\n<!-- wp:paragraph -->\n<p> Your main goal at the oil field is to keep yourself safe and health. HSE-knowledge can help you to achieve this. If it is your first time to hear about HSE, it refers to “health, safety and environment” which they are indispensable for anyone who works in petroleum industry. Everything will be ok if only you have a good knowledge and awareness.<br>Achieving safety in work place is the responsibility of employers and employees. Employers should provide safety equipment and training. Employees should apply safety inductions.</p>\n<!-- /wp:paragraph -->\n\n<!-- wp:heading {\"level\":3} -->\n<h3> Introduction</h3>\n<!-- /wp:heading -->\n\n<!-- wp:paragraph -->\n<p>\n\n“No job is so important and no service is so urgent that we cannot take time to perform our work safely.”<br><strong>Safety</strong>&nbsp;is part of everyday living. No, if you are not safe you are not living well. We should achieve safety in our home, street, while driving a car and for sure at work. It is the only guarantee that you will be safe. Those who pay no attention towards safety would realize it is importance if only they suffered form an accident, injury or properties damage. More than 90 % of all accidents are avoidable, being caused by human error rather than by mechanical failure.<br>Talking about our work in oilfield which is classified as one of the most dangerous works in the world. It was the first in danger, but due to the great efforts exerted by companies to provide well-trained employees, it becomes safer and safer.<br></p>\n<!-- /wp:paragraph -->\n\n<!-- wp:image {\"id\":69,\"width\":474,\"height\":345,\"sizeSlug\":\"large\"} -->\n<figure class=\"wp-block-image size-large is-resized\"><img src=\"http://www.blogs.aapgsuez.net/Blog/wp-content/uploads/2020/03/blowout.jpg\" alt=\"\" class=\"wp-image-69\" width=\"474\" height=\"345\"/></figure>\n<!-- /wp:image -->', 'HSE-INTRO', '', 'inherit', 'closed', 'closed', '', '66-revision-v1', '', '', '2020-03-13 18:04:22', '2020-03-13 18:04:22', '', 66, 'http://www.blogs.aapgsuez.net/Blog/2020/03/13/66-revision-v1/', 0, 'revision', '', 0);
INSERT INTO `blogposts` (`ID`, `post_author`, `post_date`, `post_date_gmt`, `post_content`, `post_title`, `post_excerpt`, `post_status`, `comment_status`, `ping_status`, `post_password`, `post_name`, `to_ping`, `pinged`, `post_modified`, `post_modified_gmt`, `post_content_filtered`, `post_parent`, `guid`, `menu_order`, `post_type`, `post_mime_type`, `comment_count`) VALUES
(72, 2, '2020-03-13 18:14:30', '2020-03-13 18:14:30', '<!-- wp:paragraph -->\n<p>\n\nDistillation is a physical process of separating the component substances from a liquid mixture based on differences in the boiling point of the components of the mixture.</p>\n<!-- /wp:paragraph -->\n\n<!-- wp:paragraph -->\n<p>There are many types of distillation :</p>\n<!-- /wp:paragraph -->\n\n<!-- wp:list -->\n<ul><li>Simple distillation.</li><li>Fractional distillation.</li><li>Vacuum distillation.</li><li>Flash distillation.</li><li>Azeotropic distillation.</li></ul>\n<!-- /wp:list -->\n\n<!-- wp:paragraph -->\n<p><strong> Simple distillation </strong></p>\n<!-- /wp:paragraph -->\n\n<!-- wp:paragraph -->\n<p> Liquid is boiled and the vapours of the more volatile components are condensed and liquefied. </p>\n<!-- /wp:paragraph -->\n\n<!-- wp:paragraph -->\n<p><strong> Fractional distillation </strong></p>\n<!-- /wp:paragraph -->\n\n<!-- wp:paragraph -->\n<p> It is the same process of simple distillation but it has a fractionating column to achieve pure distillates. </p>\n<!-- /wp:paragraph -->\n\n<!-- wp:paragraph -->\n<p><strong> Vacuum Distillation </strong></p>\n<!-- /wp:paragraph -->\n\n<!-- wp:paragraph -->\n<p> It is used when the boiling point of the compound is too high to distil the compound without significant decomposition. </p>\n<!-- /wp:paragraph -->\n\n<!-- wp:paragraph -->\n<p><strong> Flash distillation </strong></p>\n<!-- /wp:paragraph -->\n\n<!-- wp:paragraph -->\n<p> the process of separating or purifying a substance by removing the solvent quickly. It is used to desalinate seawater. </p>\n<!-- /wp:paragraph -->\n\n<!-- wp:paragraph -->\n<p><strong> Azeotropic distillation </strong></p>\n<!-- /wp:paragraph -->\n\n<!-- wp:paragraph -->\n<p> It is based on adding a compound that forms an azeotrope with at least one of the components of a mixture which can be more readily separated. </p>\n<!-- /wp:paragraph -->\n\n<!-- wp:heading {\"level\":3} -->\n<h3>What\'s the distillation main tool? </h3>\n<!-- /wp:heading -->\n\n<!-- wp:paragraph -->\n<p> Distillation column is an essential item used in distillation of liquid mixtures, so as to separate the mixture into its component parts based on the differences in volatilities.<br>Distillation column has diameters ranging from about 65 centimetres to 6 meters and heights ranging from about 6 meters to 60 meters, or more.<br>There are many types of distillation column :</p>\n<!-- /wp:paragraph -->\n\n<!-- wp:list -->\n<ul><li>Plate Tower</li><li>Packed Tower</li></ul>\n<!-- /wp:list -->\n\n<!-- wp:heading {\"level\":3} -->\n<h3>What\'s the difference between packed column and plate column? </h3>\n<!-- /wp:heading -->\n\n<!-- wp:heading {\"level\":4} -->\n<h4> Packed column: </h4>\n<!-- /wp:heading -->\n\n<!-- wp:paragraph -->\n<p> It\'s used in many processes, such as removing contaminants from a gas stream (absorption), removing volatile components from a liquid stream by contacting it with an inert gas (stripping), and in distillation where the separation is difficult due to close boiling components. </p>\n<!-- /wp:paragraph -->\n\n<!-- wp:heading {\"level\":4} -->\n<h4> Plate column: </h4>\n<!-- /wp:heading -->\n\n<!-- wp:paragraph -->\n<p> It\'s used in many processes, such as distillation, absorption and extraction.<br>This column consists of trays used for increasing the contact time between the liquid and vapour to make a perfect distillation.<br>There are many types of trays (Bubble cap trays, Sieve trays, Valve trays) </p>\n<!-- /wp:paragraph -->\n\n<!-- wp:heading {\"level\":3} -->\n<h3> Types of Trays that used inside the column </h3>\n<!-- /wp:heading -->\n\n<!-- wp:paragraph -->\n<p><strong> Bubble cap tray:</strong></p>\n<!-- /wp:paragraph -->\n\n<!-- wp:paragraph -->\n<p>It has riser or chimney fitted over each hole, and a cap that covers the riser. The cap is mounted so that there is a space between riser and cap to allow the passage of vapour.</p>\n<!-- /wp:paragraph -->\n\n<!-- wp:paragraph -->\n<p><strong>Sieve tray:</strong></p>\n<!-- /wp:paragraph -->\n\n<!-- wp:paragraph -->\n<p>Simply, they are metal plates with holes in them. Vapour passes straight upward through the liquid on the plate. The arrangement, number and size of the holes are design parameters.</p>\n<!-- /wp:paragraph -->\n\n<!-- wp:paragraph -->\n<p><strong>Valve tray:</strong></p>\n<!-- /wp:paragraph -->\n\n<!-- wp:paragraph -->\n<p>in it, perforations are covered by liftable caps. Vapour flows lifts the caps, thus self-creating a flow area for the passage of vapour. The lifting cap directs the vapour to flow horizontally into the liquid, thus providing better mixing than is possible in sieve trays.\n\n</p>\n<!-- /wp:paragraph -->\n\n<!-- wp:heading {\"level\":3} -->\n<h3> Temperature gradient in distillation column </h3>\n<!-- /wp:heading -->\n\n<!-- wp:paragraph -->\n<p>In the distillation column, the temperature increases as you move down in the column. The feed enters the furnace -before entering the distillation column- to increase the temperature of the crude to nearly 400 °C at feed zone.<br>The products will appear at these temperatures :</p>\n<!-- /wp:paragraph -->\n\n<!-- wp:list -->\n<ul><li>Petroleum gas (below 30 °C)</li><li>Gasoline (30 °C to 150 °C)</li><li>kerosene ( 150 °C to 250 °C)</li><li>Diesel oil (250 °C to 350 °C)</li><li>Residue and lubricating oil (more than 400 °C)</li></ul>\n<!-- /wp:list -->\n\n<!-- wp:image {\"align\":\"center\",\"id\":87,\"width\":569,\"height\":368,\"sizeSlug\":\"large\"} -->\n<div class=\"wp-block-image\"><figure class=\"aligncenter size-large is-resized\"><img src=\"http://www.blogs.aapgsuez.net/Blog/wp-content/uploads/2020/03/article10-1024x663.jpg\" alt=\"\" class=\"wp-image-87\" width=\"569\" height=\"368\"/></figure></div>\n<!-- /wp:image -->', 'Distillation', '', 'publish', 'open', 'open', '', 'distillation', '', '', '2020-03-13 18:14:30', '2020-03-13 18:14:30', '', 0, 'http://www.blogs.aapgsuez.net/Blog/?p=72', 0, 'post', '', 0),
(73, 1, '2020-03-13 18:07:00', '2020-03-13 18:07:00', '', 'hazard', '', 'inherit', 'open', 'closed', '', 'hazard', '', '', '2020-03-13 18:07:00', '2020-03-13 18:07:00', '', 66, 'http://www.blogs.aapgsuez.net/Blog/wp-content/uploads/2020/03/hazard.jpg', 0, 'attachment', 'image/jpeg', 0),
(74, 1, '2020-03-13 18:07:01', '2020-03-13 18:07:01', '', 'risk', '', 'inherit', 'open', 'closed', '', 'risk', '', '', '2020-03-13 18:07:01', '2020-03-13 18:07:01', '', 66, 'http://www.blogs.aapgsuez.net/Blog/wp-content/uploads/2020/03/risk.jpg', 0, 'attachment', 'image/jpeg', 0),
(75, 1, '2020-03-13 18:07:25', '2020-03-13 18:07:25', '<!-- wp:heading {\"level\":3} -->\n<h3> Abstract </h3>\n<!-- /wp:heading -->\n\n<!-- wp:paragraph -->\n<p> Your main goal at the oil field is to keep yourself safe and health. HSE-knowledge can help you to achieve this. If it is your first time to hear about HSE, it refers to “health, safety and environment” which they are indispensable for anyone who works in petroleum industry. Everything will be ok if only you have a good knowledge and awareness.<br>Achieving safety in work place is the responsibility of employers and employees. Employers should provide safety equipment and training. Employees should apply safety inductions.</p>\n<!-- /wp:paragraph -->\n\n<!-- wp:heading {\"level\":3} -->\n<h3> Introduction</h3>\n<!-- /wp:heading -->\n\n<!-- wp:paragraph -->\n<p>\n\n“No job is so important and no service is so urgent that we cannot take time to perform our work safely.”<br><strong>Safety</strong>&nbsp;is part of everyday living. No, if you are not safe you are not living well. We should achieve safety in our home, street, while driving a car and for sure at work. It is the only guarantee that you will be safe. Those who pay no attention towards safety would realize it is importance if only they suffered form an accident, injury or properties damage. More than 90 % of all accidents are avoidable, being caused by human error rather than by mechanical failure.<br>Talking about our work in oilfield which is classified as one of the most dangerous works in the world. It was the first in danger, but due to the great efforts exerted by companies to provide well-trained employees, it becomes safer and safer.<br></p>\n<!-- /wp:paragraph -->\n\n<!-- wp:image {\"align\":\"center\",\"id\":69,\"width\":474,\"height\":345,\"sizeSlug\":\"large\"} -->\n<div class=\"wp-block-image\"><figure class=\"aligncenter size-large is-resized\"><img src=\"http://www.blogs.aapgsuez.net/Blog/wp-content/uploads/2020/03/blowout.jpg\" alt=\"\" class=\"wp-image-69\" width=\"474\" height=\"345\"/></figure></div>\n<!-- /wp:image -->\n\n<!-- wp:heading {\"level\":3} -->\n<h3> Nomenclatures </h3>\n<!-- /wp:heading -->\n\n<!-- wp:paragraph -->\n<p>HSE student should understand its nomenclatures and try to apply their meaning and purpose in everyday life. This is the only way to prove for yourself that you have gain this experience as required.</p>\n<!-- /wp:paragraph -->\n\n<!-- wp:heading {\"level\":4} -->\n<h4> HAZARD</h4>\n<!-- /wp:heading -->\n\n<!-- wp:paragraph -->\n<p> It is unseen danger that has not happened yet. Such as unguarded machine, wire on the floor, cars, lions and everything that can cause injury, death or properties damage.</p>\n<!-- /wp:paragraph -->\n\n<!-- wp:heading {\"level\":4} -->\n<h4> RISK</h4>\n<!-- /wp:heading -->\n\n<!-- wp:paragraph -->\n<p> The probability of causing damage or injuries due to unseen danger. Such as touching insolated wire and working without PPE.</p>\n<!-- /wp:paragraph -->\n\n<!-- wp:gallery {\"ids\":[73,74]} -->\n<figure class=\"wp-block-gallery columns-2 is-cropped\"><ul class=\"blocks-gallery-grid\"><li class=\"blocks-gallery-item\"><figure><img src=\"http://www.blogs.aapgsuez.net/Blog/wp-content/uploads/2020/03/hazard.jpg\" alt=\"\" data-id=\"73\" data-full-url=\"http://www.blogs.aapgsuez.net/Blog/wp-content/uploads/2020/03/hazard.jpg\" data-link=\"http://www.blogs.aapgsuez.net/Blog/?attachment_id=73\" class=\"wp-image-73\"/></figure></li><li class=\"blocks-gallery-item\"><figure><img src=\"http://www.blogs.aapgsuez.net/Blog/wp-content/uploads/2020/03/risk.jpg\" alt=\"\" data-id=\"74\" data-full-url=\"http://www.blogs.aapgsuez.net/Blog/wp-content/uploads/2020/03/risk.jpg\" data-link=\"http://www.blogs.aapgsuez.net/Blog/?attachment_id=74\" class=\"wp-image-74\"/></figure></li></ul></figure>\n<!-- /wp:gallery -->\n\n<!-- wp:paragraph -->\n<p> In order to make it clear, in the figure3.1 it is a snake and it represents a danger so we can call it a “Hazard”, but in the figure3.2 it represents a “Risk” because snake can kill the child. </p>\n<!-- /wp:paragraph -->', 'HSE-INTRO', '', 'inherit', 'closed', 'closed', '', '66-revision-v1', '', '', '2020-03-13 18:07:25', '2020-03-13 18:07:25', '', 66, 'http://www.blogs.aapgsuez.net/Blog/2020/03/13/66-revision-v1/', 0, 'revision', '', 0),
(76, 1, '2020-03-13 18:08:19', '2020-03-13 18:08:19', '<!-- wp:heading {\"level\":3} -->\n<h3> Abstract </h3>\n<!-- /wp:heading -->\n\n<!-- wp:paragraph -->\n<p> Your main goal at the oil field is to keep yourself safe and health. HSE-knowledge can help you to achieve this. If it is your first time to hear about HSE, it refers to “health, safety and environment” which they are indispensable for anyone who works in petroleum industry. Everything will be ok if only you have a good knowledge and awareness.<br>Achieving safety in work place is the responsibility of employers and employees. Employers should provide safety equipment and training. Employees should apply safety inductions.</p>\n<!-- /wp:paragraph -->\n\n<!-- wp:heading {\"level\":3} -->\n<h3> Introduction</h3>\n<!-- /wp:heading -->\n\n<!-- wp:paragraph -->\n<p>\n\n“No job is so important and no service is so urgent that we cannot take time to perform our work safely.”<br><strong>Safety</strong>&nbsp;is part of everyday living. No, if you are not safe you are not living well. We should achieve safety in our home, street, while driving a car and for sure at work. It is the only guarantee that you will be safe. Those who pay no attention towards safety would realize it is importance if only they suffered form an accident, injury or properties damage. More than 90 % of all accidents are avoidable, being caused by human error rather than by mechanical failure.<br>Talking about our work in oilfield which is classified as one of the most dangerous works in the world. It was the first in danger, but due to the great efforts exerted by companies to provide well-trained employees, it becomes safer and safer.<br></p>\n<!-- /wp:paragraph -->\n\n<!-- wp:image {\"align\":\"center\",\"id\":69,\"width\":474,\"height\":345,\"sizeSlug\":\"large\"} -->\n<div class=\"wp-block-image\"><figure class=\"aligncenter size-large is-resized\"><img src=\"http://www.blogs.aapgsuez.net/Blog/wp-content/uploads/2020/03/blowout.jpg\" alt=\"\" class=\"wp-image-69\" width=\"474\" height=\"345\"/></figure></div>\n<!-- /wp:image -->\n\n<!-- wp:heading {\"level\":3} -->\n<h3> Nomenclatures </h3>\n<!-- /wp:heading -->\n\n<!-- wp:paragraph -->\n<p>HSE student should understand its nomenclatures and try to apply their meaning and purpose in everyday life. This is the only way to prove for yourself that you have gain this experience as required.</p>\n<!-- /wp:paragraph -->\n\n<!-- wp:heading {\"level\":4} -->\n<h4> HAZARD</h4>\n<!-- /wp:heading -->\n\n<!-- wp:paragraph -->\n<p> It is unseen danger that has not happened yet. Such as unguarded machine, wire on the floor, cars, lions and everything that can cause injury, death or properties damage.</p>\n<!-- /wp:paragraph -->\n\n<!-- wp:heading {\"level\":4} -->\n<h4> RISK</h4>\n<!-- /wp:heading -->\n\n<!-- wp:paragraph -->\n<p> The probability of causing damage or injuries due to unseen danger. Such as touching insolated wire and working without PPE.</p>\n<!-- /wp:paragraph -->\n\n<!-- wp:gallery {\"ids\":[74,73],\"align\":\"center\"} -->\n<figure class=\"wp-block-gallery aligncenter columns-2 is-cropped\"><ul class=\"blocks-gallery-grid\"><li class=\"blocks-gallery-item\"><figure><img src=\"http://www.blogs.aapgsuez.net/Blog/wp-content/uploads/2020/03/risk.jpg\" alt=\"\" data-id=\"74\" data-full-url=\"http://www.blogs.aapgsuez.net/Blog/wp-content/uploads/2020/03/risk.jpg\" data-link=\"http://www.blogs.aapgsuez.net/Blog/?attachment_id=74\" class=\"wp-image-74\"/></figure></li><li class=\"blocks-gallery-item\"><figure><img src=\"http://www.blogs.aapgsuez.net/Blog/wp-content/uploads/2020/03/hazard.jpg\" alt=\"\" data-id=\"73\" data-full-url=\"http://www.blogs.aapgsuez.net/Blog/wp-content/uploads/2020/03/hazard.jpg\" data-link=\"http://www.blogs.aapgsuez.net/Blog/?attachment_id=73\" class=\"wp-image-73\"/></figure></li></ul></figure>\n<!-- /wp:gallery -->\n\n<!-- wp:paragraph -->\n<p> In order to make it clear, in the figure3.1 it is a snake and it represents a danger so we can call it a “Hazard”, but in the figure3.2 it represents a “Risk” because snake can kill the child. </p>\n<!-- /wp:paragraph -->', 'HSE-INTRO', '', 'inherit', 'closed', 'closed', '', '66-revision-v1', '', '', '2020-03-13 18:08:19', '2020-03-13 18:08:19', '', 66, 'http://www.blogs.aapgsuez.net/Blog/2020/03/13/66-revision-v1/', 0, 'revision', '', 0),
(77, 1, '2020-03-13 18:11:25', '2020-03-13 18:11:25', '', 'fig4-1', '', 'inherit', 'open', 'closed', '', 'fig4-1', '', '', '2020-03-13 18:11:25', '2020-03-13 18:11:25', '', 66, 'http://www.blogs.aapgsuez.net/Blog/wp-content/uploads/2020/03/fig4-1.jpg', 0, 'attachment', 'image/jpeg', 0),
(78, 1, '2020-03-13 18:11:26', '2020-03-13 18:11:26', '', 'fig4-2', '', 'inherit', 'open', 'closed', '', 'fig4-2', '', '', '2020-03-13 18:11:26', '2020-03-13 18:11:26', '', 66, 'http://www.blogs.aapgsuez.net/Blog/wp-content/uploads/2020/03/fig4-2.jpg', 0, 'attachment', 'image/jpeg', 0),
(79, 1, '2020-03-13 18:11:28', '2020-03-13 18:11:28', '', 'fig4-3', '', 'inherit', 'open', 'closed', '', 'fig4-3', '', '', '2020-03-13 18:11:28', '2020-03-13 18:11:28', '', 66, 'http://www.blogs.aapgsuez.net/Blog/wp-content/uploads/2020/03/fig4-3.png', 0, 'attachment', 'image/png', 0),
(80, 1, '2020-03-13 18:11:29', '2020-03-13 18:11:29', '', 'fig4-4', '', 'inherit', 'open', 'closed', '', 'fig4-4', '', '', '2020-03-13 18:11:29', '2020-03-13 18:11:29', '', 66, 'http://www.blogs.aapgsuez.net/Blog/wp-content/uploads/2020/03/fig4-4.jpg', 0, 'attachment', 'image/jpeg', 0),
(81, 1, '2020-03-13 18:11:31', '2020-03-13 18:11:31', '<!-- wp:heading {\"level\":3} -->\n<h3> Abstract </h3>\n<!-- /wp:heading -->\n\n<!-- wp:paragraph -->\n<p> Your main goal at the oil field is to keep yourself safe and health. HSE-knowledge can help you to achieve this. If it is your first time to hear about HSE, it refers to “health, safety and environment” which they are indispensable for anyone who works in petroleum industry. Everything will be ok if only you have a good knowledge and awareness.<br>Achieving safety in work place is the responsibility of employers and employees. Employers should provide safety equipment and training. Employees should apply safety inductions.</p>\n<!-- /wp:paragraph -->\n\n<!-- wp:heading {\"level\":3} -->\n<h3> Introduction</h3>\n<!-- /wp:heading -->\n\n<!-- wp:paragraph -->\n<p>\n\n“No job is so important and no service is so urgent that we cannot take time to perform our work safely.”<br><strong>Safety</strong>&nbsp;is part of everyday living. No, if you are not safe you are not living well. We should achieve safety in our home, street, while driving a car and for sure at work. It is the only guarantee that you will be safe. Those who pay no attention towards safety would realize it is importance if only they suffered form an accident, injury or properties damage. More than 90 % of all accidents are avoidable, being caused by human error rather than by mechanical failure.<br>Talking about our work in oilfield which is classified as one of the most dangerous works in the world. It was the first in danger, but due to the great efforts exerted by companies to provide well-trained employees, it becomes safer and safer.<br></p>\n<!-- /wp:paragraph -->\n\n<!-- wp:image {\"align\":\"center\",\"id\":69,\"width\":474,\"height\":345,\"sizeSlug\":\"large\"} -->\n<div class=\"wp-block-image\"><figure class=\"aligncenter size-large is-resized\"><img src=\"http://www.blogs.aapgsuez.net/Blog/wp-content/uploads/2020/03/blowout.jpg\" alt=\"\" class=\"wp-image-69\" width=\"474\" height=\"345\"/></figure></div>\n<!-- /wp:image -->\n\n<!-- wp:heading {\"level\":3} -->\n<h3> Nomenclatures </h3>\n<!-- /wp:heading -->\n\n<!-- wp:paragraph -->\n<p>HSE student should understand its nomenclatures and try to apply their meaning and purpose in everyday life. This is the only way to prove for yourself that you have gain this experience as required.</p>\n<!-- /wp:paragraph -->\n\n<!-- wp:heading {\"level\":4} -->\n<h4> HAZARD</h4>\n<!-- /wp:heading -->\n\n<!-- wp:paragraph -->\n<p> It is unseen danger that has not happened yet. Such as unguarded machine, wire on the floor, cars, lions and everything that can cause injury, death or properties damage.</p>\n<!-- /wp:paragraph -->\n\n<!-- wp:heading {\"level\":4} -->\n<h4> RISK</h4>\n<!-- /wp:heading -->\n\n<!-- wp:paragraph -->\n<p> The probability of causing damage or injuries due to unseen danger. Such as touching insolated wire and working without PPE.</p>\n<!-- /wp:paragraph -->\n\n<!-- wp:gallery {\"ids\":[74,73],\"align\":\"center\"} -->\n<figure class=\"wp-block-gallery aligncenter columns-2 is-cropped\"><ul class=\"blocks-gallery-grid\"><li class=\"blocks-gallery-item\"><figure><img src=\"http://www.blogs.aapgsuez.net/Blog/wp-content/uploads/2020/03/risk.jpg\" alt=\"\" data-id=\"74\" data-full-url=\"http://www.blogs.aapgsuez.net/Blog/wp-content/uploads/2020/03/risk.jpg\" data-link=\"http://www.blogs.aapgsuez.net/Blog/?attachment_id=74\" class=\"wp-image-74\"/></figure></li><li class=\"blocks-gallery-item\"><figure><img src=\"http://www.blogs.aapgsuez.net/Blog/wp-content/uploads/2020/03/hazard.jpg\" alt=\"\" data-id=\"73\" data-full-url=\"http://www.blogs.aapgsuez.net/Blog/wp-content/uploads/2020/03/hazard.jpg\" data-link=\"http://www.blogs.aapgsuez.net/Blog/?attachment_id=73\" class=\"wp-image-73\"/></figure></li></ul></figure>\n<!-- /wp:gallery -->\n\n<!-- wp:paragraph -->\n<p> In order to make it clear, in the figure3.1 it is a snake and it represents a danger so we can call it a “Hazard”, but in the figure3.2 it represents a “Risk” because snake can kill the child. </p>\n<!-- /wp:paragraph -->\n\n<!-- wp:heading {\"level\":3} -->\n<h3> Hazard</h3>\n<!-- /wp:heading -->\n\n<!-- wp:heading {\"level\":4} -->\n<h4>WHERE CAN WE FIND HAZARDS? </h4>\n<!-- /wp:heading -->\n\n<!-- wp:list -->\n<ul><li>We can find hazards where human is, due to unsafe acts that comes out from them.</li><li>In the workplace, hazards exist in different shapes such as air and noise.</li><li>Machines represent great hazard such as pumps, cutters and welding tools.</li><li>Chemicals that exist in the work such as H2S, CO, CO<sub>2</sub>&nbsp;and H<sub>2</sub>SO<sub>4</sub>.</li></ul>\n<!-- /wp:list -->\n\n<!-- wp:heading {\"level\":4} -->\n<h4> <strong>HAZARD TYPES</strong> </h4>\n<!-- /wp:heading -->\n\n<!-- wp:list -->\n<ul><li>Chemical hazards: explosives, corrosive, flammable, toxic …. etc. materials. All these materials represent real hazards and they are symbolled by figures in the figure 4.1</li><li>Physical hazards: they exist in mechanical parts movements, electricity, vibrations, noise, heat and radiation.</li><li>Biological hazards: viruses, bacteria, fungi and parasites as indicated in figure 4.2</li><li>Ergonomic hazards: that result due to repeated work such as sitting for long time and shifts as indicated in figure 4.3 and figure 4.4</li><li>Psychological hazards: these types of hazards result from work stresses.</li></ul>\n<!-- /wp:list -->\n\n<!-- wp:gallery {\"ids\":[77,78,79,80]} -->\n<figure class=\"wp-block-gallery columns-3 is-cropped\"><ul class=\"blocks-gallery-grid\"><li class=\"blocks-gallery-item\"><figure><img src=\"http://www.blogs.aapgsuez.net/Blog/wp-content/uploads/2020/03/fig4-1.jpg\" alt=\"\" data-id=\"77\" data-full-url=\"http://www.blogs.aapgsuez.net/Blog/wp-content/uploads/2020/03/fig4-1.jpg\" data-link=\"http://www.blogs.aapgsuez.net/Blog/?attachment_id=77\" class=\"wp-image-77\"/></figure></li><li class=\"blocks-gallery-item\"><figure><img src=\"http://www.blogs.aapgsuez.net/Blog/wp-content/uploads/2020/03/fig4-2.jpg\" alt=\"\" data-id=\"78\" data-full-url=\"http://www.blogs.aapgsuez.net/Blog/wp-content/uploads/2020/03/fig4-2.jpg\" data-link=\"http://www.blogs.aapgsuez.net/Blog/?attachment_id=78\" class=\"wp-image-78\"/></figure></li><li class=\"blocks-gallery-item\"><figure><img src=\"http://www.blogs.aapgsuez.net/Blog/wp-content/uploads/2020/03/fig4-3.png\" alt=\"\" data-id=\"79\" data-full-url=\"http://www.blogs.aapgsuez.net/Blog/wp-content/uploads/2020/03/fig4-3.png\" data-link=\"http://www.blogs.aapgsuez.net/Blog/?attachment_id=79\" class=\"wp-image-79\"/></figure></li><li class=\"blocks-gallery-item\"><figure><img src=\"http://www.blogs.aapgsuez.net/Blog/wp-content/uploads/2020/03/fig4-4.jpg\" alt=\"\" data-id=\"80\" data-full-url=\"http://www.blogs.aapgsuez.net/Blog/wp-content/uploads/2020/03/fig4-4.jpg\" data-link=\"http://www.blogs.aapgsuez.net/Blog/?attachment_id=80\" class=\"wp-image-80\"/></figure></li></ul></figure>\n<!-- /wp:gallery -->', 'HSE-INTRO', '', 'inherit', 'closed', 'closed', '', '66-revision-v1', '', '', '2020-03-13 18:11:31', '2020-03-13 18:11:31', '', 66, 'http://www.blogs.aapgsuez.net/Blog/2020/03/13/66-revision-v1/', 0, 'revision', '', 0),
(82, 1, '2020-03-13 18:12:01', '2020-03-13 18:12:01', '', 'fig4-4-1', '', 'inherit', 'open', 'closed', '', 'fig4-4-1', '', '', '2020-03-13 18:12:01', '2020-03-13 18:12:01', '', 66, 'http://www.blogs.aapgsuez.net/Blog/wp-content/uploads/2020/03/fig4-4-1.jpg', 0, 'attachment', 'image/jpeg', 0),
(83, 1, '2020-03-13 18:12:21', '2020-03-13 18:12:21', '', 'fig4-1-1', '', 'inherit', 'open', 'closed', '', 'fig4-1-1', '', '', '2020-03-13 18:12:21', '2020-03-13 18:12:21', '', 66, 'http://www.blogs.aapgsuez.net/Blog/wp-content/uploads/2020/03/fig4-1-1.jpg', 0, 'attachment', 'image/jpeg', 0),
(84, 1, '2020-03-13 18:12:22', '2020-03-13 18:12:22', '', 'fig4-2-1', '', 'inherit', 'open', 'closed', '', 'fig4-2-1', '', '', '2020-03-13 18:12:22', '2020-03-13 18:12:22', '', 66, 'http://www.blogs.aapgsuez.net/Blog/wp-content/uploads/2020/03/fig4-2-1.jpg', 0, 'attachment', 'image/jpeg', 0),
(85, 1, '2020-03-13 18:12:23', '2020-03-13 18:12:23', '', 'fig4-3-1', '', 'inherit', 'open', 'closed', '', 'fig4-3-1', '', '', '2020-03-13 18:12:23', '2020-03-13 18:12:23', '', 66, 'http://www.blogs.aapgsuez.net/Blog/wp-content/uploads/2020/03/fig4-3-1.png', 0, 'attachment', 'image/png', 0),
(86, 1, '2020-03-13 18:12:24', '2020-03-13 18:12:24', '', 'fig4-4-2', '', 'inherit', 'open', 'closed', '', 'fig4-4-2', '', '', '2020-03-13 18:12:24', '2020-03-13 18:12:24', '', 66, 'http://www.blogs.aapgsuez.net/Blog/wp-content/uploads/2020/03/fig4-4-2.jpg', 0, 'attachment', 'image/jpeg', 0),
(87, 2, '2020-03-13 18:12:27', '2020-03-13 18:12:27', '', 'article10', '', 'inherit', 'open', 'closed', '', 'article10', '', '', '2020-03-13 18:12:27', '2020-03-13 18:12:27', '', 72, 'http://www.blogs.aapgsuez.net/Blog/wp-content/uploads/2020/03/article10.jpg', 0, 'attachment', 'image/jpeg', 0),
(88, 1, '2020-03-13 18:12:53', '2020-03-13 18:12:53', '<!-- wp:heading {\"level\":3} -->\n<h3> Abstract </h3>\n<!-- /wp:heading -->\n\n<!-- wp:paragraph -->\n<p> Your main goal at the oil field is to keep yourself safe and health. HSE-knowledge can help you to achieve this. If it is your first time to hear about HSE, it refers to “health, safety and environment” which they are indispensable for anyone who works in petroleum industry. Everything will be ok if only you have a good knowledge and awareness.<br>Achieving safety in work place is the responsibility of employers and employees. Employers should provide safety equipment and training. Employees should apply safety inductions.</p>\n<!-- /wp:paragraph -->\n\n<!-- wp:heading {\"level\":3} -->\n<h3> Introduction</h3>\n<!-- /wp:heading -->\n\n<!-- wp:paragraph -->\n<p>\n\n“No job is so important and no service is so urgent that we cannot take time to perform our work safely.”<br><strong>Safety</strong>&nbsp;is part of everyday living. No, if you are not safe you are not living well. We should achieve safety in our home, street, while driving a car and for sure at work. It is the only guarantee that you will be safe. Those who pay no attention towards safety would realize it is importance if only they suffered form an accident, injury or properties damage. More than 90 % of all accidents are avoidable, being caused by human error rather than by mechanical failure.<br>Talking about our work in oilfield which is classified as one of the most dangerous works in the world. It was the first in danger, but due to the great efforts exerted by companies to provide well-trained employees, it becomes safer and safer.<br></p>\n<!-- /wp:paragraph -->\n\n<!-- wp:image {\"align\":\"center\",\"id\":69,\"width\":474,\"height\":345,\"sizeSlug\":\"large\"} -->\n<div class=\"wp-block-image\"><figure class=\"aligncenter size-large is-resized\"><img src=\"http://www.blogs.aapgsuez.net/Blog/wp-content/uploads/2020/03/blowout.jpg\" alt=\"\" class=\"wp-image-69\" width=\"474\" height=\"345\"/></figure></div>\n<!-- /wp:image -->\n\n<!-- wp:heading {\"level\":3} -->\n<h3> Nomenclatures </h3>\n<!-- /wp:heading -->\n\n<!-- wp:paragraph -->\n<p>HSE student should understand its nomenclatures and try to apply their meaning and purpose in everyday life. This is the only way to prove for yourself that you have gain this experience as required.</p>\n<!-- /wp:paragraph -->\n\n<!-- wp:heading {\"level\":4} -->\n<h4> HAZARD</h4>\n<!-- /wp:heading -->\n\n<!-- wp:paragraph -->\n<p> It is unseen danger that has not happened yet. Such as unguarded machine, wire on the floor, cars, lions and everything that can cause injury, death or properties damage.</p>\n<!-- /wp:paragraph -->\n\n<!-- wp:heading {\"level\":4} -->\n<h4> RISK</h4>\n<!-- /wp:heading -->\n\n<!-- wp:paragraph -->\n<p> The probability of causing damage or injuries due to unseen danger. Such as touching insolated wire and working without PPE.</p>\n<!-- /wp:paragraph -->\n\n<!-- wp:gallery {\"ids\":[74,73],\"align\":\"center\"} -->\n<figure class=\"wp-block-gallery aligncenter columns-2 is-cropped\"><ul class=\"blocks-gallery-grid\"><li class=\"blocks-gallery-item\"><figure><img src=\"http://www.blogs.aapgsuez.net/Blog/wp-content/uploads/2020/03/risk.jpg\" alt=\"\" data-id=\"74\" data-full-url=\"http://www.blogs.aapgsuez.net/Blog/wp-content/uploads/2020/03/risk.jpg\" data-link=\"http://www.blogs.aapgsuez.net/Blog/?attachment_id=74\" class=\"wp-image-74\"/></figure></li><li class=\"blocks-gallery-item\"><figure><img src=\"http://www.blogs.aapgsuez.net/Blog/wp-content/uploads/2020/03/hazard.jpg\" alt=\"\" data-id=\"73\" data-full-url=\"http://www.blogs.aapgsuez.net/Blog/wp-content/uploads/2020/03/hazard.jpg\" data-link=\"http://www.blogs.aapgsuez.net/Blog/?attachment_id=73\" class=\"wp-image-73\"/></figure></li></ul></figure>\n<!-- /wp:gallery -->\n\n<!-- wp:paragraph -->\n<p> In order to make it clear, in the figure3.1 it is a snake and it represents a danger so we can call it a “Hazard”, but in the figure3.2 it represents a “Risk” because snake can kill the child. </p>\n<!-- /wp:paragraph -->\n\n<!-- wp:heading {\"level\":3} -->\n<h3> Hazard</h3>\n<!-- /wp:heading -->\n\n<!-- wp:heading {\"level\":4} -->\n<h4>WHERE CAN WE FIND HAZARDS? </h4>\n<!-- /wp:heading -->\n\n<!-- wp:list -->\n<ul><li>We can find hazards where human is, due to unsafe acts that comes out from them.</li><li>In the workplace, hazards exist in different shapes such as air and noise.</li><li>Machines represent great hazard such as pumps, cutters and welding tools.</li><li>Chemicals that exist in the work such as H2S, CO, CO<sub>2</sub>&nbsp;and H<sub>2</sub>SO<sub>4</sub>.</li></ul>\n<!-- /wp:list -->\n\n<!-- wp:heading {\"level\":4} -->\n<h4> <strong>HAZARD TYPES</strong> </h4>\n<!-- /wp:heading -->\n\n<!-- wp:list -->\n<ul><li>Chemical hazards: explosives, corrosive, flammable, toxic …. etc. materials. All these materials represent real hazards and they are symbolled by figures in the figure 4.1</li><li>Physical hazards: they exist in mechanical parts movements, electricity, vibrations, noise, heat and radiation.</li><li>Biological hazards: viruses, bacteria, fungi and parasites as indicated in figure 4.2</li><li>Ergonomic hazards: that result due to repeated work such as sitting for long time and shifts as indicated in figure 4.3 and figure 4.4</li><li>Psychological hazards: these types of hazards result from work stresses.</li></ul>\n<!-- /wp:list -->\n\n<!-- wp:group -->\n<div class=\"wp-block-group\"><div class=\"wp-block-group__inner-container\"><!-- wp:group -->\n<div class=\"wp-block-group\"><div class=\"wp-block-group__inner-container\"><!-- wp:gallery {\"ids\":[83,84,85],\"align\":\"center\"} -->\n<figure class=\"wp-block-gallery aligncenter columns-3 is-cropped\"><ul class=\"blocks-gallery-grid\"><li class=\"blocks-gallery-item\"><figure><img src=\"http://www.blogs.aapgsuez.net/Blog/wp-content/uploads/2020/03/fig4-1-1.jpg\" alt=\"\" data-id=\"83\" data-full-url=\"http://www.blogs.aapgsuez.net/Blog/wp-content/uploads/2020/03/fig4-1-1.jpg\" data-link=\"http://www.blogs.aapgsuez.net/Blog/?attachment_id=83\" class=\"wp-image-83\"/></figure></li><li class=\"blocks-gallery-item\"><figure><img src=\"http://www.blogs.aapgsuez.net/Blog/wp-content/uploads/2020/03/fig4-2-1.jpg\" alt=\"\" data-id=\"84\" data-full-url=\"http://www.blogs.aapgsuez.net/Blog/wp-content/uploads/2020/03/fig4-2-1.jpg\" data-link=\"http://www.blogs.aapgsuez.net/Blog/?attachment_id=84\" class=\"wp-image-84\"/></figure></li><li class=\"blocks-gallery-item\"><figure><img src=\"http://www.blogs.aapgsuez.net/Blog/wp-content/uploads/2020/03/fig4-3-1.png\" alt=\"\" data-id=\"85\" data-full-url=\"http://www.blogs.aapgsuez.net/Blog/wp-content/uploads/2020/03/fig4-3-1.png\" data-link=\"http://www.blogs.aapgsuez.net/Blog/?attachment_id=85\" class=\"wp-image-85\"/></figure></li></ul></figure>\n<!-- /wp:gallery --></div></div>\n<!-- /wp:group --></div></div>\n<!-- /wp:group -->', 'HSE-INTRO', '', 'inherit', 'closed', 'closed', '', '66-revision-v1', '', '', '2020-03-13 18:12:53', '2020-03-13 18:12:53', '', 66, 'http://www.blogs.aapgsuez.net/Blog/2020/03/13/66-revision-v1/', 0, 'revision', '', 0),
(89, 2, '2020-03-13 18:14:30', '2020-03-13 18:14:30', '<!-- wp:paragraph -->\n<p>\n\nDistillation is a physical process of separating the component substances from a liquid mixture based on differences in the boiling point of the components of the mixture.</p>\n<!-- /wp:paragraph -->\n\n<!-- wp:paragraph -->\n<p>There are many types of distillation :</p>\n<!-- /wp:paragraph -->\n\n<!-- wp:list -->\n<ul><li>Simple distillation.</li><li>Fractional distillation.</li><li>Vacuum distillation.</li><li>Flash distillation.</li><li>Azeotropic distillation.</li></ul>\n<!-- /wp:list -->\n\n<!-- wp:paragraph -->\n<p><strong> Simple distillation </strong></p>\n<!-- /wp:paragraph -->\n\n<!-- wp:paragraph -->\n<p> Liquid is boiled and the vapours of the more volatile components are condensed and liquefied. </p>\n<!-- /wp:paragraph -->\n\n<!-- wp:paragraph -->\n<p><strong> Fractional distillation </strong></p>\n<!-- /wp:paragraph -->\n\n<!-- wp:paragraph -->\n<p> It is the same process of simple distillation but it has a fractionating column to achieve pure distillates. </p>\n<!-- /wp:paragraph -->\n\n<!-- wp:paragraph -->\n<p><strong> Vacuum Distillation </strong></p>\n<!-- /wp:paragraph -->\n\n<!-- wp:paragraph -->\n<p> It is used when the boiling point of the compound is too high to distil the compound without significant decomposition. </p>\n<!-- /wp:paragraph -->\n\n<!-- wp:paragraph -->\n<p><strong> Flash distillation </strong></p>\n<!-- /wp:paragraph -->\n\n<!-- wp:paragraph -->\n<p> the process of separating or purifying a substance by removing the solvent quickly. It is used to desalinate seawater. </p>\n<!-- /wp:paragraph -->\n\n<!-- wp:paragraph -->\n<p><strong> Azeotropic distillation </strong></p>\n<!-- /wp:paragraph -->\n\n<!-- wp:paragraph -->\n<p> It is based on adding a compound that forms an azeotrope with at least one of the components of a mixture which can be more readily separated. </p>\n<!-- /wp:paragraph -->\n\n<!-- wp:heading {\"level\":3} -->\n<h3>What\'s the distillation main tool? </h3>\n<!-- /wp:heading -->\n\n<!-- wp:paragraph -->\n<p> Distillation column is an essential item used in distillation of liquid mixtures, so as to separate the mixture into its component parts based on the differences in volatilities.<br>Distillation column has diameters ranging from about 65 centimetres to 6 meters and heights ranging from about 6 meters to 60 meters, or more.<br>There are many types of distillation column :</p>\n<!-- /wp:paragraph -->\n\n<!-- wp:list -->\n<ul><li>Plate Tower</li><li>Packed Tower</li></ul>\n<!-- /wp:list -->\n\n<!-- wp:heading {\"level\":3} -->\n<h3>What\'s the difference between packed column and plate column? </h3>\n<!-- /wp:heading -->\n\n<!-- wp:heading {\"level\":4} -->\n<h4> Packed column: </h4>\n<!-- /wp:heading -->\n\n<!-- wp:paragraph -->\n<p> It\'s used in many processes, such as removing contaminants from a gas stream (absorption), removing volatile components from a liquid stream by contacting it with an inert gas (stripping), and in distillation where the separation is difficult due to close boiling components. </p>\n<!-- /wp:paragraph -->\n\n<!-- wp:heading {\"level\":4} -->\n<h4> Plate column: </h4>\n<!-- /wp:heading -->\n\n<!-- wp:paragraph -->\n<p> It\'s used in many processes, such as distillation, absorption and extraction.<br>This column consists of trays used for increasing the contact time between the liquid and vapour to make a perfect distillation.<br>There are many types of trays (Bubble cap trays, Sieve trays, Valve trays) </p>\n<!-- /wp:paragraph -->\n\n<!-- wp:heading {\"level\":3} -->\n<h3> Types of Trays that used inside the column </h3>\n<!-- /wp:heading -->\n\n<!-- wp:paragraph -->\n<p><strong> Bubble cap tray:</strong></p>\n<!-- /wp:paragraph -->\n\n<!-- wp:paragraph -->\n<p>It has riser or chimney fitted over each hole, and a cap that covers the riser. The cap is mounted so that there is a space between riser and cap to allow the passage of vapour.</p>\n<!-- /wp:paragraph -->\n\n<!-- wp:paragraph -->\n<p><strong>Sieve tray:</strong></p>\n<!-- /wp:paragraph -->\n\n<!-- wp:paragraph -->\n<p>Simply, they are metal plates with holes in them. Vapour passes straight upward through the liquid on the plate. The arrangement, number and size of the holes are design parameters.</p>\n<!-- /wp:paragraph -->\n\n<!-- wp:paragraph -->\n<p><strong>Valve tray:</strong></p>\n<!-- /wp:paragraph -->\n\n<!-- wp:paragraph -->\n<p>in it, perforations are covered by liftable caps. Vapour flows lifts the caps, thus self-creating a flow area for the passage of vapour. The lifting cap directs the vapour to flow horizontally into the liquid, thus providing better mixing than is possible in sieve trays.\n\n</p>\n<!-- /wp:paragraph -->\n\n<!-- wp:heading {\"level\":3} -->\n<h3> Temperature gradient in distillation column </h3>\n<!-- /wp:heading -->\n\n<!-- wp:paragraph -->\n<p>In the distillation column, the temperature increases as you move down in the column. The feed enters the furnace -before entering the distillation column- to increase the temperature of the crude to nearly 400 °C at feed zone.<br>The products will appear at these temperatures :</p>\n<!-- /wp:paragraph -->\n\n<!-- wp:list -->\n<ul><li>Petroleum gas (below 30 °C)</li><li>Gasoline (30 °C to 150 °C)</li><li>kerosene ( 150 °C to 250 °C)</li><li>Diesel oil (250 °C to 350 °C)</li><li>Residue and lubricating oil (more than 400 °C)</li></ul>\n<!-- /wp:list -->\n\n<!-- wp:image {\"align\":\"center\",\"id\":87,\"width\":569,\"height\":368,\"sizeSlug\":\"large\"} -->\n<div class=\"wp-block-image\"><figure class=\"aligncenter size-large is-resized\"><img src=\"http://www.blogs.aapgsuez.net/Blog/wp-content/uploads/2020/03/article10-1024x663.jpg\" alt=\"\" class=\"wp-image-87\" width=\"569\" height=\"368\"/></figure></div>\n<!-- /wp:image -->', 'Distillation', '', 'inherit', 'closed', 'closed', '', '72-revision-v1', '', '', '2020-03-13 18:14:30', '2020-03-13 18:14:30', '', 72, 'http://www.blogs.aapgsuez.net/Blog/2020/03/13/72-revision-v1/', 0, 'revision', '', 0),
(90, 1, '2020-03-13 18:15:55', '2020-03-13 18:15:55', '', 'fig4-1-2', '', 'inherit', 'open', 'closed', '', 'fig4-1-2', '', '', '2020-03-13 18:15:55', '2020-03-13 18:15:55', '', 66, 'http://www.blogs.aapgsuez.net/Blog/wp-content/uploads/2020/03/fig4-1-2.jpg', 0, 'attachment', 'image/jpeg', 0),
(91, 1, '2020-03-13 18:15:56', '2020-03-13 18:15:56', '', 'fig4-2-2', '', 'inherit', 'open', 'closed', '', 'fig4-2-2', '', '', '2020-03-13 18:15:56', '2020-03-13 18:15:56', '', 66, 'http://www.blogs.aapgsuez.net/Blog/wp-content/uploads/2020/03/fig4-2-2.jpg', 0, 'attachment', 'image/jpeg', 0),
(92, 1, '2020-03-13 18:15:57', '2020-03-13 18:15:57', '', 'fig4-3-2', '', 'inherit', 'open', 'closed', '', 'fig4-3-2', '', '', '2020-03-13 18:15:57', '2020-03-13 18:15:57', '', 66, 'http://www.blogs.aapgsuez.net/Blog/wp-content/uploads/2020/03/fig4-3-2.png', 0, 'attachment', 'image/png', 0),
(93, 1, '2020-03-13 18:15:58', '2020-03-13 18:15:58', '', 'fig4-4-3', '', 'inherit', 'open', 'closed', '', 'fig4-4-3', '', '', '2020-03-13 18:15:58', '2020-03-13 18:15:58', '', 66, 'http://www.blogs.aapgsuez.net/Blog/wp-content/uploads/2020/03/fig4-4-3.jpg', 0, 'attachment', 'image/jpeg', 0),
(95, 1, '2020-03-13 18:22:29', '2020-03-13 18:22:29', '<!-- wp:heading {\"level\":3} -->\n<h3> Abstract </h3>\n<!-- /wp:heading -->\n\n<!-- wp:paragraph -->\n<p> Your main goal at the oil field is to keep yourself safe and health. HSE-knowledge can help you to achieve this. If it is your first time to hear about HSE, it refers to “health, safety and environment” which they are indispensable for anyone who works in petroleum industry. Everything will be ok if only you have a good knowledge and awareness.<br>Achieving safety in work place is the responsibility of employers and employees. Employers should provide safety equipment and training. Employees should apply safety inductions.</p>\n<!-- /wp:paragraph -->\n\n<!-- wp:heading {\"level\":3} -->\n<h3> Introduction</h3>\n<!-- /wp:heading -->\n\n<!-- wp:paragraph -->\n<p>\n\n“No job is so important and no service is so urgent that we cannot take time to perform our work safely.”<br><strong>Safety</strong>&nbsp;is part of everyday living. No, if you are not safe you are not living well. We should achieve safety in our home, street, while driving a car and for sure at work. It is the only guarantee that you will be safe. Those who pay no attention towards safety would realize it is importance if only they suffered form an accident, injury or properties damage. More than 90 % of all accidents are avoidable, being caused by human error rather than by mechanical failure.<br>Talking about our work in oilfield which is classified as one of the most dangerous works in the world. It was the first in danger, but due to the great efforts exerted by companies to provide well-trained employees, it becomes safer and safer.<br></p>\n<!-- /wp:paragraph -->\n\n<!-- wp:image {\"align\":\"center\",\"id\":69,\"width\":474,\"height\":345,\"sizeSlug\":\"large\"} -->\n<div class=\"wp-block-image\"><figure class=\"aligncenter size-large is-resized\"><img src=\"http://www.blogs.aapgsuez.net/Blog/wp-content/uploads/2020/03/blowout.jpg\" alt=\"\" class=\"wp-image-69\" width=\"474\" height=\"345\"/></figure></div>\n<!-- /wp:image -->\n\n<!-- wp:heading {\"level\":3} -->\n<h3> Nomenclatures </h3>\n<!-- /wp:heading -->\n\n<!-- wp:paragraph -->\n<p>HSE student should understand its nomenclatures and try to apply their meaning and purpose in everyday life. This is the only way to prove for yourself that you have gain this experience as required.</p>\n<!-- /wp:paragraph -->\n\n<!-- wp:heading {\"level\":4} -->\n<h4> HAZARD</h4>\n<!-- /wp:heading -->\n\n<!-- wp:paragraph -->\n<p> It is unseen danger that has not happened yet. Such as unguarded machine, wire on the floor, cars, lions and everything that can cause injury, death or properties damage.</p>\n<!-- /wp:paragraph -->\n\n<!-- wp:heading {\"level\":4} -->\n<h4> RISK</h4>\n<!-- /wp:heading -->\n\n<!-- wp:paragraph -->\n<p> The probability of causing damage or injuries due to unseen danger. Such as touching insolated wire and working without PPE.</p>\n<!-- /wp:paragraph -->\n\n<!-- wp:gallery {\"ids\":[74,73],\"align\":\"center\"} -->\n<figure class=\"wp-block-gallery aligncenter columns-2 is-cropped\"><ul class=\"blocks-gallery-grid\"><li class=\"blocks-gallery-item\"><figure><img src=\"http://www.blogs.aapgsuez.net/Blog/wp-content/uploads/2020/03/risk.jpg\" alt=\"\" data-id=\"74\" data-full-url=\"http://www.blogs.aapgsuez.net/Blog/wp-content/uploads/2020/03/risk.jpg\" data-link=\"http://www.blogs.aapgsuez.net/Blog/?attachment_id=74\" class=\"wp-image-74\"/></figure></li><li class=\"blocks-gallery-item\"><figure><img src=\"http://www.blogs.aapgsuez.net/Blog/wp-content/uploads/2020/03/hazard.jpg\" alt=\"\" data-id=\"73\" data-full-url=\"http://www.blogs.aapgsuez.net/Blog/wp-content/uploads/2020/03/hazard.jpg\" data-link=\"http://www.blogs.aapgsuez.net/Blog/?attachment_id=73\" class=\"wp-image-73\"/></figure></li></ul></figure>\n<!-- /wp:gallery -->\n\n<!-- wp:paragraph -->\n<p> In order to make it clear, in the figure3.1 it is a snake and it represents a danger so we can call it a “Hazard”, but in the figure3.2 it represents a “Risk” because snake can kill the child. </p>\n<!-- /wp:paragraph -->\n\n<!-- wp:heading {\"level\":3} -->\n<h3> Hazard</h3>\n<!-- /wp:heading -->\n\n<!-- wp:heading {\"level\":4} -->\n<h4>WHERE CAN WE FIND HAZARDS? </h4>\n<!-- /wp:heading -->\n\n<!-- wp:list -->\n<ul><li>We can find hazards where human is, due to unsafe acts that comes out from them.</li><li>In the workplace, hazards exist in different shapes such as air and noise.</li><li>Machines represent great hazard such as pumps, cutters and welding tools.</li><li>Chemicals that exist in the work such as H2S, CO, CO<sub>2</sub>&nbsp;and H<sub>2</sub>SO<sub>4</sub>.</li></ul>\n<!-- /wp:list -->\n\n<!-- wp:heading {\"level\":4} -->\n<h4> <strong>HAZARD TYPES</strong> </h4>\n<!-- /wp:heading -->\n\n<!-- wp:list -->\n<ul><li>Chemical hazards: explosives, corrosive, flammable, toxic …. etc. materials. All these materials represent real hazards and they are symbolled by figures in the figure 4.1</li><li>Physical hazards: they exist in mechanical parts movements, electricity, vibrations, noise, heat and radiation.</li><li>Biological hazards: viruses, bacteria, fungi and parasites as indicated in figure 4.2</li><li>Ergonomic hazards: that result due to repeated work such as sitting for long time and shifts as indicated in figure 4.3 and figure 4.4</li><li>Psychological hazards: these types of hazards result from work stresses.</li></ul>\n<!-- /wp:list -->\n\n<!-- wp:gallery {\"ids\":[90,91,92]} -->\n<figure class=\"wp-block-gallery columns-3 is-cropped\"><ul class=\"blocks-gallery-grid\"><li class=\"blocks-gallery-item\"><figure><img src=\"http://www.blogs.aapgsuez.net/Blog/wp-content/uploads/2020/03/fig4-1-2.jpg\" alt=\"\" data-id=\"90\" data-full-url=\"http://www.blogs.aapgsuez.net/Blog/wp-content/uploads/2020/03/fig4-1-2.jpg\" data-link=\"http://www.blogs.aapgsuez.net/Blog/?attachment_id=90\" class=\"wp-image-90\"/></figure></li><li class=\"blocks-gallery-item\"><figure><img src=\"http://www.blogs.aapgsuez.net/Blog/wp-content/uploads/2020/03/fig4-2-2.jpg\" alt=\"\" data-id=\"91\" data-full-url=\"http://www.blogs.aapgsuez.net/Blog/wp-content/uploads/2020/03/fig4-2-2.jpg\" data-link=\"http://www.blogs.aapgsuez.net/Blog/?attachment_id=91\" class=\"wp-image-91\"/></figure></li><li class=\"blocks-gallery-item\"><figure><img src=\"http://www.blogs.aapgsuez.net/Blog/wp-content/uploads/2020/03/fig4-3-2.png\" alt=\"\" data-id=\"92\" data-full-url=\"http://www.blogs.aapgsuez.net/Blog/wp-content/uploads/2020/03/fig4-3-2.png\" data-link=\"http://www.blogs.aapgsuez.net/Blog/?attachment_id=92\" class=\"wp-image-92\"/></figure></li></ul></figure>\n<!-- /wp:gallery -->\n\n<!-- wp:heading {\"level\":3} -->\n<h3> Hazards are generally grouped into two broad categories:</h3>\n<!-- /wp:heading -->\n\n<!-- wp:list -->\n<ul><li>Safety and Injury Hazards</li><li>Health and Illnesses Hazards</li></ul>\n<!-- /wp:list -->\n\n<!-- wp:paragraph -->\n<p> Health and Illnesses Hazards are very important also as if employees have bad health these will affect work rate. </p>\n<!-- /wp:paragraph -->\n\n<!-- wp:heading {\"level\":3} -->\n<h3> Conclusion </h3>\n<!-- /wp:heading -->\n\n<!-- wp:paragraph -->\n<p> Safety comes first before anything. Injuries result in pain and suffering and may leave a person disabled or handicapped for life. Even minor injuries may cause loss of time from work and lost pay. Insurance benefits are helpful, but compensation payments cannot restore a life, hand, eye or leg. Otherwise damaged machines could be repaired or replaced. Always remember that “safety is no accidents”. </p>\n<!-- /wp:paragraph -->\n\n<!-- wp:heading {\"level\":3} -->\n<h3><strong>References:</strong></h3>\n<!-- /wp:heading -->\n\n<!-- wp:list -->\n<ul><li>Shell Distance Learning Program “WDPL”.</li><li>SKM 4353 SAFETY IN PETROLEUM ENGINEERING, UTM.</li><li>Nubaria Gas company safety course.</li></ul>\n<!-- /wp:list -->\n\n<!-- wp:paragraph -->\n<p></p>\n<!-- /wp:paragraph -->', 'HSE-INTRO', '', 'inherit', 'closed', 'closed', '', '66-revision-v1', '', '', '2020-03-13 18:22:29', '2020-03-13 18:22:29', '', 66, 'http://www.blogs.aapgsuez.net/Blog/2020/03/13/66-revision-v1/', 0, 'revision', '', 0);
INSERT INTO `blogposts` (`ID`, `post_author`, `post_date`, `post_date_gmt`, `post_content`, `post_title`, `post_excerpt`, `post_status`, `comment_status`, `ping_status`, `post_password`, `post_name`, `to_ping`, `pinged`, `post_modified`, `post_modified_gmt`, `post_content_filtered`, `post_parent`, `guid`, `menu_order`, `post_type`, `post_mime_type`, `comment_count`) VALUES
(96, 1, '2020-03-13 23:14:22', '2020-03-13 23:14:22', '<!-- wp:paragraph -->\n<p>Stress, The geothermal gradient, Folding and faulting and how horizontally-directed plate motions cause vertical uplift are the main reasons for rocks deformation. When sedimentary rocks deform, deformation causes some structures to form, many of them are traps for oil accumulation known as structural traps.so we will discuss these structures then we will show which one can form a trap. </p>\n<!-- /wp:paragraph -->\n\n<!-- wp:heading {\"level\":3} -->\n<h3> Weathering, Erosion, and Unconformities </h3>\n<!-- /wp:heading -->\n\n<!-- wp:image {\"align\":\"center\",\"id\":63,\"sizeSlug\":\"large\"} -->\n<div class=\"wp-block-image\"><figure class=\"aligncenter size-large\"><img src=\"http://www.blogs.aapgsuez.net/Blog/wp-content/uploads/2020/03/angular-unconformity.png\" alt=\"\" class=\"wp-image-63\"/></figure></div>\n<!-- /wp:image -->\n\n<!-- wp:paragraph -->\n<p>Break, transport then rest is the right description of these three geological events. Rocks are broken down and chemically dissolved through weathering .this occurs when rocks are subjected to the atmosphere and ocean bottom. Rivers, wind, waves, gravity (landslides), and glaciers transport and deposit these sediments in a process called erosion. If both weathering and erosion stops for a period of time then starts again forming new layers of sedimentary rocks, the buried erosional or non-depositional surface separating two rock masses or strata of different ages is called unconformity surface.<br>Unconformity comes in variety of ways. Disconformity occurs between sedimentary rocks whereas Nonconformity occurs between sedimentary and igneous or metamorphic rocks. Angular unconformity is an ancient erosional surface in which the sedimentary rock layers below the unconformity are tilted at an angle to the layers above the unconformity. Blended unconformity is a type of disconformity or nonconformity with no distinct separation plane or contact, sometimes consisting of soils, paleosols, or beds of pebbles derived from the underlying rock. A paraconformity is a type of unconformity in which strata are parallel; there is no apparent erosion and the unconformity surface resembles a simple bedding plane. </p>\n<!-- /wp:paragraph -->\n\n<!-- wp:heading {\"level\":3} -->\n<h3> Anticlines and Synclines </h3>\n<!-- /wp:heading -->\n\n<!-- wp:image {\"align\":\"center\",\"id\":64,\"sizeSlug\":\"large\"} -->\n<div class=\"wp-block-image\"><figure class=\"aligncenter size-large\"><img src=\"http://www.blogs.aapgsuez.net/Blog/wp-content/uploads/2020/03/homoclines-1024x556.jpg\" alt=\"\" class=\"wp-image-64\"/></figure></div>\n<!-- /wp:image -->\n\n<!-- wp:paragraph -->\n<p>Anticlines and synclines are the up and down folds that usually occur together and are caused by compressional stress. IF they are exposed to weathering and erosion, for anticlines older rocks will appear, on the contrary, younger rocks will appear for synclines. Most anticlines and synclines are not level and are tilted with respect to the surface of the earth. These are called plunging anticlines and plunging synclines.to understand this; imagine it as a quarter of a ball with which you can trap a rat against the wall. </p>\n<!-- /wp:paragraph -->\n\n<!-- wp:heading {\"level\":3} -->\n<h3> Domes and Basins </h3>\n<!-- /wp:heading -->\n\n<!-- wp:image {\"align\":\"center\",\"id\":65,\"sizeSlug\":\"large\"} -->\n<div class=\"wp-block-image\"><figure class=\"aligncenter size-large\"><img src=\"http://www.blogs.aapgsuez.net/Blog/wp-content/uploads/2020/03/domes-and-basins-1024x264.jpg\" alt=\"\" class=\"wp-image-65\"/></figure></div>\n<!-- /wp:image -->\n\n<!-- wp:paragraph -->\n<p>Dome is an anticlinal uplift that has no distinct trend. Basin is a synclinal depression that has no distinct trend.to understand this; imagine a dome as half of a ball with which you can trap a rat against the ground. Before a dome is eroded down, it forms a hill but if the dome is eroded, it leaves a characteristic bull’s eye pattern on the surface.</p>\n<!-- /wp:paragraph -->\n\n<!-- wp:paragraph -->\n<p><strong>Homoclines</strong>:</p>\n<!-- /wp:paragraph -->\n\n<!-- wp:paragraph -->\n<p>It represents sedimentary rocks dipping uniformly in one direction meaning that we have a zone of steeper dip within an otherwise horizontal or gently-dipping sequence.</p>\n<!-- /wp:paragraph -->\n\n<!-- wp:paragraph -->\n<p><strong>Fractures</strong>:</p>\n<!-- /wp:paragraph -->\n\n<!-- wp:paragraph -->\n<p>The structures formed by the brittle fracturing of rocks are known variously as joints and faults.<br>Joints:<br>A joint is a fracture in the rocks with no movement of one side relative to the other.</p>\n<!-- /wp:paragraph -->\n\n<!-- wp:image {\"align\":\"center\",\"id\":67,\"sizeSlug\":\"large\"} -->\n<div class=\"wp-block-image\"><figure class=\"aligncenter size-large\"><img src=\"http://www.blogs.aapgsuez.net/Blog/wp-content/uploads/2020/03/joints.jpg\" alt=\"\" class=\"wp-image-67\"/></figure></div>\n<!-- /wp:image -->\n\n<!-- wp:paragraph -->\n<p> <strong>Faults</strong>:</p>\n<!-- /wp:paragraph -->\n\n<!-- wp:paragraph -->\n<p>A fault is a break in the rocks along which one side has moved relative to the other.<br>You can differentiate between them as follows: </p>\n<!-- /wp:paragraph -->\n\n<!-- wp:image {\"id\":68,\"sizeSlug\":\"large\"} -->\n<figure class=\"wp-block-image size-large\"><img src=\"http://www.blogs.aapgsuez.net/Blog/wp-content/uploads/2020/03/faults.jpg\" alt=\"\" class=\"wp-image-68\"/></figure>\n<!-- /wp:image -->\n\n<!-- wp:list {\"ordered\":true} -->\n<ol><li>Joints are smaller compared to faults.</li><li>Joints have no movement therefore cause none or very little displacement while faults have lateral movement that causes displacement.</li><li>Faults are formed because of constant tectonic movement while joints are formed when rocks are stretched to their breaking point.</li><li>Faults can cause deadly earthquakes and tsunamis while joints rarely pose any threat to civilization.</li></ol>\n<!-- /wp:list -->\n\n<!-- wp:heading {\"level\":3} -->\n<h3> So which structure can form a trap? </h3>\n<!-- /wp:heading -->\n\n<!-- wp:list -->\n<ul><li>Angular unconformities can form gas and oil traps. One of the sedimentary rock layers tilted at an angle below it must be a reservoir rock that can store gas and oil. The sedimentary rock layer above it must be a cap rock that acts as a seal. The gas and oil form below the unconformity in a source rock. They migrate up into and then through the pore spaces of the reservoir rock until they reach the angular unconformity surface where they are trapped below the caprock. The two largest oil fields in the United States, the East Texas field and the Prudhoe Bay field in Alaska, are both in angular unconformity traps.</li><li>Anticlines, but not synclines, form high areas in reservoir rocks and can be gas and oil traps. Ghawar Anticline, Saudi Arabia, is the structural trap for the largest conventional oil field in the world.</li><li>Domes also form gas and oil traps. Oil was first discovered in the Middle East in Bahrain. The traps in Bahrain were domes with a low hill on the surface above each of them.</li><li>Although homoclines are common, they do not form gas and oil traps.</li><li>Joints in sedimentary rocks improve the reservoir quality of the rock. They slightly increase the fluid storage capacity of the rock (porosity) and greatly increase the ability of the fluid to flow through the rock (permeability).</li><li>The fault must be a sealing fault, which means it prevents fluid flow across or along the fault. Any gas and oil migrating up a reservoir rock will be trapped under the sealing fault. The largest oil field on land in England is the Wytch Farm field, located southwest of London on the South Dorset coast, wasformed by a fault.</li></ul>\n<!-- /wp:list -->\n\n<!-- wp:heading {\"level\":3} -->\n<h3><strong>References:</strong></h3>\n<!-- /wp:heading -->\n\n<!-- wp:list -->\n<ul><li>Nontechnical guide to petroleum,exploration, drilling&amp;production –third edition-Norman J. Hyne, Ph.D.</li><li>Earth structure-an introduction to structural geology and tectonics-second edition-</li></ul>\n<!-- /wp:list -->', 'Deformation Of Sedimentary Rocks', '', 'inherit', 'closed', 'closed', '', '60-autosave-v1', '', '', '2020-03-13 23:14:22', '2020-03-13 23:14:22', '', 60, 'http://www.blogs.aapgsuez.net/Blog/2020/03/13/60-autosave-v1/', 0, 'revision', '', 0);

-- --------------------------------------------------------

--
-- Table structure for table `blogtermmeta`
--

CREATE TABLE `blogtermmeta` (
  `meta_id` bigint(20) UNSIGNED NOT NULL,
  `term_id` bigint(20) UNSIGNED NOT NULL DEFAULT 0,
  `meta_key` varchar(255) COLLATE utf8mb4_unicode_ci DEFAULT NULL,
  `meta_value` longtext COLLATE utf8mb4_unicode_ci DEFAULT NULL
) ENGINE=InnoDB DEFAULT CHARSET=utf8mb4 COLLATE=utf8mb4_unicode_ci;

-- --------------------------------------------------------

--
-- Table structure for table `blogterms`
--

CREATE TABLE `blogterms` (
  `term_id` bigint(20) UNSIGNED NOT NULL,
  `name` varchar(200) COLLATE utf8mb4_unicode_ci NOT NULL DEFAULT '',
  `slug` varchar(200) COLLATE utf8mb4_unicode_ci NOT NULL DEFAULT '',
  `term_group` bigint(10) NOT NULL DEFAULT 0
) ENGINE=InnoDB DEFAULT CHARSET=utf8mb4 COLLATE=utf8mb4_unicode_ci;

--
-- Dumping data for table `blogterms`
--

INSERT INTO `blogterms` (`term_id`, `name`, `slug`, `term_group`) VALUES
(1, 'Non-Technical', 'non-technical', 0),
(2, 'main', 'main', 0),
(3, 'Technical', 'technical', 0),
(4, 'abnormal', 'abnormal', 0),
(5, 'pressure', 'pressure', 0),
(6, 'well engineering', 'well-engineering', 0),
(7, 'tectonic', 'tectonic', 0),
(8, 'pore pressure', 'pore-pressure', 0),
(9, 'Petroleum', 'petroleum', 0),
(10, 'sedimentary', 'sedimentary', 0),
(11, 'rocks', 'rocks', 0),
(12, 'erosoon', 'erosoon', 0),
(13, 'weathering', 'weathering', 0),
(14, 'synclines', 'synclines', 0),
(15, 'anticlines', 'anticlines', 0),
(16, 'domes', 'domes', 0),
(17, 'basins', 'basins', 0),
(18, 'fractures', 'fractures', 0),
(19, 'distillation', 'distillation', 0),
(20, 'refining', 'refining', 0),
(21, 'caps', 'caps', 0),
(22, 'trays', 'trays', 0),
(23, 'column', 'column', 0),
(24, 'HSE', 'hse', 0),
(25, 'Saftey', 'saftey', 0),
(26, 'hazards', 'hazards', 0),
(27, 'health', 'health', 0),
(28, 'risk', 'risk', 0);

-- --------------------------------------------------------

--
-- Table structure for table `blogterm_relationships`
--

CREATE TABLE `blogterm_relationships` (
  `object_id` bigint(20) UNSIGNED NOT NULL DEFAULT 0,
  `term_taxonomy_id` bigint(20) UNSIGNED NOT NULL DEFAULT 0,
  `term_order` int(11) NOT NULL DEFAULT 0
) ENGINE=InnoDB DEFAULT CHARSET=utf8mb4 COLLATE=utf8mb4_unicode_ci;

--
-- Dumping data for table `blogterm_relationships`
--

INSERT INTO `blogterm_relationships` (`object_id`, `term_taxonomy_id`, `term_order`) VALUES
(5, 2, 0),
(6, 2, 0),
(7, 2, 0),
(8, 2, 0),
(9, 2, 0),
(11, 1, 0),
(15, 1, 0),
(15, 3, 0),
(16, 1, 0),
(16, 3, 0),
(17, 1, 0),
(17, 3, 0),
(27, 2, 0),
(28, 2, 0),
(29, 2, 0),
(31, 1, 0),
(34, 3, 0),
(34, 4, 0),
(34, 5, 0),
(34, 6, 0),
(34, 7, 0),
(34, 8, 0),
(34, 9, 0),
(60, 3, 0),
(60, 10, 0),
(60, 11, 0),
(60, 12, 0),
(60, 13, 0),
(60, 14, 0),
(60, 15, 0),
(60, 16, 0),
(60, 17, 0),
(60, 18, 0),
(66, 3, 0),
(66, 24, 0),
(66, 25, 0),
(66, 26, 0),
(66, 27, 0),
(66, 28, 0),
(72, 3, 0),
(72, 19, 0),
(72, 20, 0),
(72, 21, 0),
(72, 22, 0),
(72, 23, 0);

-- --------------------------------------------------------

--
-- Table structure for table `blogterm_taxonomy`
--

CREATE TABLE `blogterm_taxonomy` (
  `term_taxonomy_id` bigint(20) UNSIGNED NOT NULL,
  `term_id` bigint(20) UNSIGNED NOT NULL DEFAULT 0,
  `taxonomy` varchar(32) COLLATE utf8mb4_unicode_ci NOT NULL DEFAULT '',
  `description` longtext COLLATE utf8mb4_unicode_ci NOT NULL,
  `parent` bigint(20) UNSIGNED NOT NULL DEFAULT 0,
  `count` bigint(20) NOT NULL DEFAULT 0
) ENGINE=InnoDB DEFAULT CHARSET=utf8mb4 COLLATE=utf8mb4_unicode_ci;

--
-- Dumping data for table `blogterm_taxonomy`
--

INSERT INTO `blogterm_taxonomy` (`term_taxonomy_id`, `term_id`, `taxonomy`, `description`, `parent`, `count`) VALUES
(1, 1, 'category', '', 0, 0),
(2, 2, 'nav_menu', '', 0, 8),
(3, 3, 'category', '', 0, 4),
(4, 4, 'post_tag', '', 0, 1),
(5, 5, 'post_tag', '', 0, 1),
(6, 6, 'post_tag', '', 0, 1),
(7, 7, 'post_tag', '', 0, 1),
(8, 8, 'post_tag', '', 0, 1),
(9, 9, 'post_tag', '', 0, 1),
(10, 10, 'post_tag', '', 0, 1),
(11, 11, 'post_tag', '', 0, 1),
(12, 12, 'post_tag', '', 0, 1),
(13, 13, 'post_tag', '', 0, 1),
(14, 14, 'post_tag', '', 0, 1),
(15, 15, 'post_tag', '', 0, 1),
(16, 16, 'post_tag', '', 0, 1),
(17, 17, 'post_tag', '', 0, 1),
(18, 18, 'post_tag', '', 0, 1),
(19, 19, 'post_tag', '', 0, 1),
(20, 20, 'post_tag', '', 0, 1),
(21, 21, 'post_tag', '', 0, 1),
(22, 22, 'post_tag', '', 0, 1),
(23, 23, 'post_tag', '', 0, 1),
(24, 24, 'post_tag', '', 0, 1),
(25, 25, 'post_tag', '', 0, 1),
(26, 26, 'post_tag', '', 0, 1),
(27, 27, 'post_tag', '', 0, 1),
(28, 28, 'post_tag', '', 0, 1);

-- --------------------------------------------------------

--
-- Table structure for table `blogusermeta`
--

CREATE TABLE `blogusermeta` (
  `umeta_id` bigint(20) UNSIGNED NOT NULL,
  `user_id` bigint(20) UNSIGNED NOT NULL DEFAULT 0,
  `meta_key` varchar(255) COLLATE utf8mb4_unicode_ci DEFAULT NULL,
  `meta_value` longtext COLLATE utf8mb4_unicode_ci DEFAULT NULL
) ENGINE=InnoDB DEFAULT CHARSET=utf8mb4 COLLATE=utf8mb4_unicode_ci;

--
-- Dumping data for table `blogusermeta`
--

INSERT INTO `blogusermeta` (`umeta_id`, `user_id`, `meta_key`, `meta_value`) VALUES
(1, 1, 'nickname', 'Ahmed'),
(2, 1, 'first_name', ''),
(3, 1, 'last_name', ''),
(4, 1, 'description', ''),
(5, 1, 'rich_editing', 'true'),
(6, 1, 'syntax_highlighting', 'true'),
(7, 1, 'comment_shortcuts', 'false'),
(8, 1, 'admin_color', 'fresh'),
(9, 1, 'use_ssl', '0'),
(10, 1, 'show_admin_bar_front', 'true'),
(11, 1, 'locale', ''),
(12, 1, 'blogcapabilities', 'a:1:{s:13:\"administrator\";b:1;}'),
(13, 1, 'bloguser_level', '10'),
(14, 1, 'dismissed_wp_pointers', 'theme_editor_notice'),
(15, 1, 'show_welcome_panel', '1'),
(16, 1, 'session_tokens', 'a:3:{s:64:\"c79db382a5b48f18cad9575df8c72257db1d5b91eba537b2be1313bf3a4b5f4f\";a:4:{s:10:\"expiration\";i:1584290962;s:2:\"ip\";s:13:\"197.43.28.119\";s:2:\"ua\";s:115:\"Mozilla/5.0 (Windows NT 10.0; Win64; x64) AppleWebKit/537.36 (KHTML, like Gecko) Chrome/80.0.3987.132 Safari/537.36\";s:5:\"login\";i:1584118162;}s:64:\"1296eedca499bfd672afb807978d4bad23f773184f7424ca3d7b8e9292129742\";a:4:{s:10:\"expiration\";i:1584303081;s:2:\"ip\";s:14:\"41.233.163.188\";s:2:\"ua\";s:131:\"Mozilla/5.0 (Windows NT 10.0; WOW64) AppleWebKit/537.36 (KHTML, like Gecko) Chrome/55.0.2883.87 UBrowser/7.0.185.1002 Safari/537.36\";s:5:\"login\";i:1584130281;}s:64:\"f90c716697e041b6ac0b98bb6113689e1e537dbd5d20b6d2919fb0924480bfc5\";a:4:{s:10:\"expiration\";i:1584370094;s:2:\"ip\";s:14:\"41.233.163.188\";s:2:\"ua\";s:115:\"Mozilla/5.0 (Windows NT 10.0; Win64; x64) AppleWebKit/537.36 (KHTML, like Gecko) Chrome/80.0.3987.132 Safari/537.36\";s:5:\"login\";i:1584197294;}}'),
(17, 1, 'blogdashboard_quick_press_last_post_id', '30'),
(18, 1, 'managenav-menuscolumnshidden', 'a:5:{i:0;s:11:\"link-target\";i:1;s:11:\"css-classes\";i:2;s:3:\"xfn\";i:3;s:11:\"description\";i:4;s:15:\"title-attribute\";}'),
(19, 1, 'metaboxhidden_nav-menus', 'a:1:{i:0;s:12:\"add-post_tag\";}'),
(20, 1, 'bloguser-settings', 'libraryContent=browse'),
(21, 1, 'bloguser-settings-time', '1582648828'),
(22, 1, 'nav_menu_recently_edited', '2'),
(23, 1, 'community-events-location', 'a:1:{s:2:\"ip\";s:12:\"41.233.163.0\";}'),
(24, 2, 'nickname', 'AAPG'),
(25, 2, 'first_name', 'AAPG'),
(26, 2, 'last_name', 'Suez'),
(27, 2, 'description', ''),
(28, 2, 'rich_editing', 'true'),
(29, 2, 'syntax_highlighting', 'true'),
(30, 2, 'comment_shortcuts', 'false'),
(31, 2, 'admin_color', 'fresh'),
(32, 2, 'use_ssl', '0'),
(33, 2, 'show_admin_bar_front', 'true'),
(34, 2, 'locale', ''),
(35, 2, 'blogcapabilities', 'a:1:{s:13:\"administrator\";b:1;}'),
(36, 2, 'bloguser_level', '10'),
(37, 2, 'dismissed_wp_pointers', ''),
(38, 2, 'session_tokens', 'a:1:{s:64:\"cf3d14b3674626de8b2cf199beea42159a94c2c7ceebbd300b106865d4612b6a\";a:4:{s:10:\"expiration\";i:1585330393;s:2:\"ip\";s:11:\"41.45.68.77\";s:2:\"ua\";s:131:\"Mozilla/5.0 (Windows NT 10.0; Win64; x64) AppleWebKit/537.36 (KHTML, like Gecko) Chrome/80.0.3987.132 Safari/537.36 Edg/80.0.361.66\";s:5:\"login\";i:1584120793;}}'),
(39, 2, 'bloguser-settings', 'libraryContent=browse'),
(40, 2, 'bloguser-settings-time', '1584121755'),
(41, 2, 'blogdashboard_quick_press_last_post_id', '94'),
(42, 2, 'community-events-location', 'a:1:{s:2:\"ip\";s:10:\"41.45.68.0\";}');

-- --------------------------------------------------------

--
-- Table structure for table `blogusers`
--

CREATE TABLE `blogusers` (
  `ID` bigint(20) UNSIGNED NOT NULL,
  `user_login` varchar(60) COLLATE utf8mb4_unicode_ci NOT NULL DEFAULT '',
  `user_pass` varchar(255) COLLATE utf8mb4_unicode_ci NOT NULL DEFAULT '',
  `user_nicename` varchar(50) COLLATE utf8mb4_unicode_ci NOT NULL DEFAULT '',
  `user_email` varchar(100) COLLATE utf8mb4_unicode_ci NOT NULL DEFAULT '',
  `user_url` varchar(100) COLLATE utf8mb4_unicode_ci NOT NULL DEFAULT '',
  `user_registered` datetime NOT NULL DEFAULT '0000-00-00 00:00:00',
  `user_activation_key` varchar(255) COLLATE utf8mb4_unicode_ci NOT NULL DEFAULT '',
  `user_status` int(11) NOT NULL DEFAULT 0,
  `display_name` varchar(250) COLLATE utf8mb4_unicode_ci NOT NULL DEFAULT ''
) ENGINE=InnoDB DEFAULT CHARSET=utf8mb4 COLLATE=utf8mb4_unicode_ci;

--
-- Dumping data for table `blogusers`
--

INSERT INTO `blogusers` (`ID`, `user_login`, `user_pass`, `user_nicename`, `user_email`, `user_url`, `user_registered`, `user_activation_key`, `user_status`, `display_name`) VALUES
(1, 'Ahmed', '$P$BsRk5LbB69diBE9nWjx2ohzSRtlbhX0', 'ahmed', 'ahmedhimdan828@gmail.com', '', '2020-02-18 11:28:37', '', 0, 'Ahmed'),
(2, 'AAPG', '$P$BDGIu.JsW7qAYfXhoh1waTDeufcHSh0', 'aapg', 'aapg.suez.su@gmail.com', '', '2020-03-13 17:32:57', '1584120778:$P$B7H80u5Roas/hu.RM9F/5.X.E1e.K81', 0, 'AAPG Suez');

-- --------------------------------------------------------

--
-- Table structure for table `blogyoast_seo_links`
--

CREATE TABLE `blogyoast_seo_links` (
  `id` bigint(20) UNSIGNED NOT NULL,
  `url` varchar(255) COLLATE utf8mb4_unicode_520_ci NOT NULL,
  `post_id` bigint(20) UNSIGNED NOT NULL,
  `target_post_id` bigint(20) UNSIGNED NOT NULL,
  `type` varchar(8) COLLATE utf8mb4_unicode_520_ci NOT NULL
) ENGINE=MyISAM DEFAULT CHARSET=utf8mb4 COLLATE=utf8mb4_unicode_520_ci;

-- --------------------------------------------------------

--
-- Table structure for table `blogyoast_seo_meta`
--

CREATE TABLE `blogyoast_seo_meta` (
  `object_id` bigint(20) UNSIGNED NOT NULL,
  `internal_link_count` int(10) UNSIGNED DEFAULT NULL,
  `incoming_link_count` int(10) UNSIGNED DEFAULT NULL
) ENGINE=MyISAM DEFAULT CHARSET=utf8mb4 COLLATE=utf8mb4_unicode_520_ci;

--
-- Indexes for dumped tables
--

--
-- Indexes for table `blogcommentmeta`
--
ALTER TABLE `blogcommentmeta`
  ADD PRIMARY KEY (`meta_id`),
  ADD KEY `comment_id` (`comment_id`),
  ADD KEY `meta_key` (`meta_key`(191));

--
-- Indexes for table `blogcomments`
--
ALTER TABLE `blogcomments`
  ADD PRIMARY KEY (`comment_ID`),
  ADD KEY `comment_post_ID` (`comment_post_ID`),
  ADD KEY `comment_approved_date_gmt` (`comment_approved`,`comment_date_gmt`),
  ADD KEY `comment_date_gmt` (`comment_date_gmt`),
  ADD KEY `comment_parent` (`comment_parent`),
  ADD KEY `comment_author_email` (`comment_author_email`(10));

--
-- Indexes for table `blogig_blocked_emails`
--
ALTER TABLE `blogig_blocked_emails`
  ADD PRIMARY KEY (`id`);

--
-- Indexes for table `blogig_campaigns`
--
ALTER TABLE `blogig_campaigns`
  ADD PRIMARY KEY (`id`);

--
-- Indexes for table `blogig_contacts`
--
ALTER TABLE `blogig_contacts`
  ADD PRIMARY KEY (`id`);

--
-- Indexes for table `blogig_contacts_ips`
--
ALTER TABLE `blogig_contacts_ips`
  ADD PRIMARY KEY (`created_on`,`ip`),
  ADD KEY `ip` (`ip`);

--
-- Indexes for table `blogig_forms`
--
ALTER TABLE `blogig_forms`
  ADD PRIMARY KEY (`id`);

--
-- Indexes for table `blogig_lists`
--
ALTER TABLE `blogig_lists`
  ADD PRIMARY KEY (`id`);

--
-- Indexes for table `blogig_lists_contacts`
--
ALTER TABLE `blogig_lists_contacts`
  ADD PRIMARY KEY (`id`);

--
-- Indexes for table `blogig_mailing_queue`
--
ALTER TABLE `blogig_mailing_queue`
  ADD PRIMARY KEY (`id`);

--
-- Indexes for table `blogig_sending_queue`
--
ALTER TABLE `blogig_sending_queue`
  ADD PRIMARY KEY (`id`);

--
-- Indexes for table `bloglinks`
--
ALTER TABLE `bloglinks`
  ADD PRIMARY KEY (`link_id`),
  ADD KEY `link_visible` (`link_visible`);

--
-- Indexes for table `blogoptions`
--
ALTER TABLE `blogoptions`
  ADD PRIMARY KEY (`option_id`),
  ADD UNIQUE KEY `option_name` (`option_name`),
  ADD KEY `autoload` (`autoload`);

--
-- Indexes for table `blogpostmeta`
--
ALTER TABLE `blogpostmeta`
  ADD PRIMARY KEY (`meta_id`),
  ADD KEY `post_id` (`post_id`),
  ADD KEY `meta_key` (`meta_key`(191));

--
-- Indexes for table `blogposts`
--
ALTER TABLE `blogposts`
  ADD PRIMARY KEY (`ID`),
  ADD KEY `post_name` (`post_name`(191)),
  ADD KEY `type_status_date` (`post_type`,`post_status`,`post_date`,`ID`),
  ADD KEY `post_parent` (`post_parent`),
  ADD KEY `post_author` (`post_author`);

--
-- Indexes for table `blogtermmeta`
--
ALTER TABLE `blogtermmeta`
  ADD PRIMARY KEY (`meta_id`),
  ADD KEY `term_id` (`term_id`),
  ADD KEY `meta_key` (`meta_key`(191));

--
-- Indexes for table `blogterms`
--
ALTER TABLE `blogterms`
  ADD PRIMARY KEY (`term_id`),
  ADD KEY `slug` (`slug`(191)),
  ADD KEY `name` (`name`(191));

--
-- Indexes for table `blogterm_relationships`
--
ALTER TABLE `blogterm_relationships`
  ADD PRIMARY KEY (`object_id`,`term_taxonomy_id`),
  ADD KEY `term_taxonomy_id` (`term_taxonomy_id`);

--
-- Indexes for table `blogterm_taxonomy`
--
ALTER TABLE `blogterm_taxonomy`
  ADD PRIMARY KEY (`term_taxonomy_id`),
  ADD UNIQUE KEY `term_id_taxonomy` (`term_id`,`taxonomy`),
  ADD KEY `taxonomy` (`taxonomy`);

--
-- Indexes for table `blogusermeta`
--
ALTER TABLE `blogusermeta`
  ADD PRIMARY KEY (`umeta_id`),
  ADD KEY `user_id` (`user_id`),
  ADD KEY `meta_key` (`meta_key`(191));

--
-- Indexes for table `blogusers`
--
ALTER TABLE `blogusers`
  ADD PRIMARY KEY (`ID`),
  ADD KEY `user_login_key` (`user_login`),
  ADD KEY `user_nicename` (`user_nicename`),
  ADD KEY `user_email` (`user_email`);

--
-- Indexes for table `blogyoast_seo_links`
--
ALTER TABLE `blogyoast_seo_links`
  ADD PRIMARY KEY (`id`),
  ADD KEY `link_direction` (`post_id`,`type`);

--
-- Indexes for table `blogyoast_seo_meta`
--
ALTER TABLE `blogyoast_seo_meta`
  ADD UNIQUE KEY `object_id` (`object_id`);

--
-- AUTO_INCREMENT for dumped tables
--

--
-- AUTO_INCREMENT for table `blogcommentmeta`
--
ALTER TABLE `blogcommentmeta`
  MODIFY `meta_id` bigint(20) UNSIGNED NOT NULL AUTO_INCREMENT;

--
-- AUTO_INCREMENT for table `blogcomments`
--
ALTER TABLE `blogcomments`
  MODIFY `comment_ID` bigint(20) UNSIGNED NOT NULL AUTO_INCREMENT, AUTO_INCREMENT=2;

--
-- AUTO_INCREMENT for table `blogig_blocked_emails`
--
ALTER TABLE `blogig_blocked_emails`
  MODIFY `id` int(10) NOT NULL AUTO_INCREMENT;

--
-- AUTO_INCREMENT for table `blogig_campaigns`
--
ALTER TABLE `blogig_campaigns`
  MODIFY `id` int(10) NOT NULL AUTO_INCREMENT, AUTO_INCREMENT=5;

--
-- AUTO_INCREMENT for table `blogig_contacts`
--
ALTER TABLE `blogig_contacts`
  MODIFY `id` int(10) NOT NULL AUTO_INCREMENT, AUTO_INCREMENT=10;

--
-- AUTO_INCREMENT for table `blogig_forms`
--
ALTER TABLE `blogig_forms`
  MODIFY `id` int(10) NOT NULL AUTO_INCREMENT, AUTO_INCREMENT=3;

--
-- AUTO_INCREMENT for table `blogig_lists`
--
ALTER TABLE `blogig_lists`
  MODIFY `id` int(10) NOT NULL AUTO_INCREMENT, AUTO_INCREMENT=3;

--
-- AUTO_INCREMENT for table `blogig_lists_contacts`
--
ALTER TABLE `blogig_lists_contacts`
  MODIFY `id` int(10) NOT NULL AUTO_INCREMENT, AUTO_INCREMENT=16;

--
-- AUTO_INCREMENT for table `blogig_mailing_queue`
--
ALTER TABLE `blogig_mailing_queue`
  MODIFY `id` int(10) NOT NULL AUTO_INCREMENT, AUTO_INCREMENT=4;

--
-- AUTO_INCREMENT for table `blogig_sending_queue`
--
ALTER TABLE `blogig_sending_queue`
  MODIFY `id` int(10) NOT NULL AUTO_INCREMENT, AUTO_INCREMENT=4;

--
-- AUTO_INCREMENT for table `bloglinks`
--
ALTER TABLE `bloglinks`
  MODIFY `link_id` bigint(20) UNSIGNED NOT NULL AUTO_INCREMENT;

--
-- AUTO_INCREMENT for table `blogoptions`
--
ALTER TABLE `blogoptions`
  MODIFY `option_id` bigint(20) UNSIGNED NOT NULL AUTO_INCREMENT, AUTO_INCREMENT=665;

--
-- AUTO_INCREMENT for table `blogpostmeta`
--
ALTER TABLE `blogpostmeta`
  MODIFY `meta_id` bigint(20) UNSIGNED NOT NULL AUTO_INCREMENT, AUTO_INCREMENT=248;

--
-- AUTO_INCREMENT for table `blogposts`
--
ALTER TABLE `blogposts`
  MODIFY `ID` bigint(20) UNSIGNED NOT NULL AUTO_INCREMENT, AUTO_INCREMENT=97;

--
-- AUTO_INCREMENT for table `blogtermmeta`
--
ALTER TABLE `blogtermmeta`
  MODIFY `meta_id` bigint(20) UNSIGNED NOT NULL AUTO_INCREMENT;

--
-- AUTO_INCREMENT for table `blogterms`
--
ALTER TABLE `blogterms`
  MODIFY `term_id` bigint(20) UNSIGNED NOT NULL AUTO_INCREMENT, AUTO_INCREMENT=29;

--
-- AUTO_INCREMENT for table `blogterm_taxonomy`
--
ALTER TABLE `blogterm_taxonomy`
  MODIFY `term_taxonomy_id` bigint(20) UNSIGNED NOT NULL AUTO_INCREMENT, AUTO_INCREMENT=29;

--
-- AUTO_INCREMENT for table `blogusermeta`
--
ALTER TABLE `blogusermeta`
  MODIFY `umeta_id` bigint(20) UNSIGNED NOT NULL AUTO_INCREMENT, AUTO_INCREMENT=43;

--
-- AUTO_INCREMENT for table `blogusers`
--
ALTER TABLE `blogusers`
  MODIFY `ID` bigint(20) UNSIGNED NOT NULL AUTO_INCREMENT, AUTO_INCREMENT=3;

--
-- AUTO_INCREMENT for table `blogyoast_seo_links`
--
ALTER TABLE `blogyoast_seo_links`
  MODIFY `id` bigint(20) UNSIGNED NOT NULL AUTO_INCREMENT;
COMMIT;

/*!40101 SET CHARACTER_SET_CLIENT=@OLD_CHARACTER_SET_CLIENT */;
/*!40101 SET CHARACTER_SET_RESULTS=@OLD_CHARACTER_SET_RESULTS */;
/*!40101 SET COLLATION_CONNECTION=@OLD_COLLATION_CONNECTION */;
